,Date,Open,High,Low,Close,Volume,Change
0,2000-01-04,135500,135500,106500,128500,688193,6.2
1,2000-01-05,113250,117500,113250,113250,482942,-11.87
2,2000-01-06,113500,119250,99750,99750,721572,-11.92
3,2000-01-07,88000,88000,88000,88000,23163,-11.78
4,2000-01-10,83000,90000,77500,85000,1822328,-3.41
5,2000-01-11,94500,95000,90500,95000,584312,11.76
6,2000-01-12,85000,106250,83750,100000,1346861,5.26
7,2000-01-13,95000,95000,88000,88000,913732,-12.0
8,2000-01-14,88000,91500,77500,77500,1086588,-11.93
9,2000-01-17,72750,79250,68250,68250,1628779,-11.94
10,2000-01-18,65500,76250,61250,76250,1773538,11.72
11,2000-01-19,77500,82500,67250,67250,1612827,-11.8
12,2000-01-20,70750,75250,60500,75250,1589943,11.9
13,2000-01-21,84000,84250,75750,83750,1851790,11.3
14,2000-01-24,80000,87250,79500,81500,1621800,-2.69
15,2000-01-25,71750,76500,71750,71750,875838,-11.96
16,2000-01-26,72750,74500,63250,63750,1244985,-11.15
17,2000-01-27,58750,60000,56250,56250,905410,-11.76
18,2000-01-28,51000,62500,49500,61500,1374722,9.33
19,2000-01-31,56750,68750,55250,68750,1565993,11.79
20,2000-02-01,72000,76000,68750,71250,1476773,3.64
21,2000-02-02,71250,74750,67500,72000,1274148,1.05
22,2000-02-03,73750,77500,70500,74500,1260102,3.47
23,2000-02-07,80000,83250,77500,83250,1006624,11.74
24,2000-02-08,88250,90500,77500,81750,2136481,-1.8
25,2000-02-09,85000,91500,82500,91500,1641558,11.93
26,2000-02-10,91250,102250,88250,102250,1450638,11.75
27,2000-02-11,114500,114500,114500,114500,294698,11.98
28,2000-02-14,115000,128000,104500,127000,3405015,10.92
29,2000-02-15,126000,133500,112000,112000,2470849,-11.81
30,2000-02-16,107000,125250,100500,125250,4193070,11.83
31,2000-02-17,132000,140250,127750,140250,2333684,11.98
32,2000-02-18,146500,154000,139000,141000,2517442,0.53
33,2000-02-21,130750,146000,130500,136000,1924924,-3.55
34,2000-02-22,140500,142500,120500,122500,2124591,-9.93
35,2000-02-23,115000,122500,108000,108000,2482440,-11.84
36,2000-02-24,115000,120750,111000,120750,1987456,11.81
37,2000-02-25,121000,135000,121000,135000,1806140,11.8
38,2000-02-28,132500,147000,125750,128000,2968820,-5.19
39,2000-02-29,143000,143000,137000,143000,1318838,11.72
40,2000-03-02,153000,156500,126000,127000,3227997,-11.19
41,2000-03-03,115500,121000,112000,115000,1898086,-9.45
42,2000-03-06,122000,124000,103500,110000,1789176,-4.35
43,2000-03-07,102500,120500,101000,115000,2133747,4.55
44,2000-03-08,111000,118500,108000,112000,1795469,-2.61
45,2000-03-09,115500,125000,109000,125000,2342180,11.61
46,2000-03-10,128000,137500,120500,124000,2112312,-0.8
47,2000-03-13,125000,129000,110000,113000,1334599,-8.87
48,2000-03-14,107000,115000,103000,105500,1288766,-6.64
49,2000-03-15,100500,112500,96200,104500,2383748,-0.95
50,2000-03-16,113000,117000,106500,117000,2497212,11.96
51,2000-03-17,119000,119500,103000,103000,1818017,-11.97
52,2000-03-20,96000,98900,91000,91000,1093567,-11.65
53,2000-03-21,81200,89500,80100,80600,2832406,-11.43
54,2000-03-22,83000,88800,82200,82500,2662614,2.36
55,2000-03-23,83000,84000,73500,74800,1890668,-9.33
56,2000-03-24,76000,77000,69000,71500,2068285,-4.41
57,2000-03-27,70000,75800,67000,72300,3194583,1.12
58,2000-03-28,71000,73000,68200,68600,1387399,-5.12
59,2000-03-29,66000,66200,60400,60500,1844239,-11.81
60,2000-03-30,56700,67400,54000,64000,3019622,5.79
61,2000-03-31,60500,64000,56400,56400,3895143,-11.88
62,2000-04-03,55200,58500,49700,49850,5612808,-11.61
63,2000-04-04,45200,46800,43900,43900,2985040,-11.94
64,2000-04-06,44000,49150,42600,48900,5678421,11.39
65,2000-04-07,52500,54700,52000,54700,1565623,11.86
66,2000-04-10,61200,61200,61200,61200,81363,11.88
67,2000-04-11,60900,67900,58200,62300,7489370,1.8
68,2000-04-12,59000,61200,55500,58000,4292709,-6.9
69,2000-04-14,53100,53900,51100,51100,1492923,-11.9
70,2000-04-17,45000,45000,45000,45000,36021,-11.94
71,2000-04-18,45600,48000,39600,40300,6446579,-10.44
72,2000-04-19,42500,43400,37500,39450,5623344,-2.11
73,2000-04-20,38450,38450,34750,36000,4084754,-8.75
74,2000-04-21,37000,40300,35200,40300,5798100,11.94
75,2000-04-24,40400,41800,36100,36650,4549235,-9.06
76,2000-04-25,35200,38400,34600,37500,3548458,2.32
77,2000-04-26,39850,40300,36000,36600,3589973,-2.4
78,2000-04-27,35500,36400,32500,33000,2550052,-9.84
79,2000-04-28,33600,34450,31150,32700,2592940,-0.91
80,2000-05-02,33000,36400,32200,35200,3772764,7.65
81,2000-05-03,34100,34700,32800,33250,2193126,-5.54
82,2000-05-04,32600,34800,32300,33100,2648280,-0.45
83,2000-05-08,34150,36300,33600,33800,4147274,2.11
84,2000-05-09,33700,33850,32550,32850,1634528,-2.81
85,2000-05-10,32300,34150,31550,32600,3145403,-0.76
86,2000-05-12,32100,33000,28700,29900,3039541,-8.28
87,2000-05-15,28150,28900,26350,26350,1839129,-11.87
88,2000-05-16,24650,26700,23300,25600,5529395,-2.85
89,2000-05-17,25000,26150,22550,22550,3849393,-11.91
90,2000-05-18,20950,21150,19850,19850,3995103,-11.97
91,2000-05-19,19550,22200,18100,22200,10436472,11.84
92,2000-05-22,22200,23550,19550,19550,7134888,-11.94
93,2000-05-23,19150,21650,18350,20500,9157073,4.86
94,2000-05-24,19800,20700,18050,18050,8165472,-11.95
95,2000-05-25,18950,20100,18400,19500,6412538,8.03
96,2000-05-26,18300,21100,17300,17700,9783438,-9.23
97,2000-05-29,17150,18700,16700,17700,3407816,0.0
98,2000-05-30,18500,19800,18150,19800,4885820,11.86
99,2000-05-31,21700,22150,21200,22150,902513,11.87
100,2000-06-01,24800,24800,23500,24800,2850799,11.96
101,2000-06-02,26900,27750,26400,27750,5481002,11.9
102,2000-06-05,30500,31050,29800,31050,900051,11.89
103,2000-06-07,34750,34750,34750,34750,104495,11.92
104,2000-06-08,38900,38900,38200,38900,2094852,11.94
105,2000-06-09,38900,43550,36000,41000,11230417,5.4
106,2000-06-12,40950,43500,39100,40800,5812166,-0.49
107,2000-06-13,40800,41400,35950,35950,5528459,-11.89
108,2000-06-14,36000,37600,32100,33700,7141294,-6.26
109,2000-06-15,33200,33300,29700,29700,4353240,-11.87
110,2000-06-16,29150,33250,28200,33250,8357047,11.95
111,2000-06-19,35000,37200,34500,35000,8381023,5.26
112,2000-06-20,37000,37900,34200,35000,8317903,0.0
113,2000-06-21,36100,37800,35300,36000,6899769,2.86
114,2000-06-22,36000,37250,33800,34650,4947976,-3.75
115,2000-06-23,33000,37800,32700,37500,7523942,8.23
116,2000-06-26,37000,42000,36700,42000,5376045,12.0
117,2000-06-27,47000,47000,40500,42500,12276277,1.19
118,2000-06-28,41600,47600,40850,46950,12354955,10.47
119,2000-06-29,47600,48650,43100,43500,10022729,-7.35
120,2000-06-30,43500,48700,42200,45100,9925844,3.68
121,2000-07-03,46000,48600,45650,47250,6640556,4.77
122,2000-07-04,47000,48200,44000,44800,5644923,-5.19
123,2000-07-05,43500,44800,39450,39450,8713279,-11.94
124,2000-07-06,37150,40450,35600,38300,10914182,-2.92
125,2000-07-07,39500,40350,37550,38700,7401540,1.04
126,2000-07-10,37900,39200,35300,35700,5593570,-7.75
127,2000-07-11,36000,36900,33550,34250,8097697,-4.06
128,2000-07-12,35000,38350,33750,38350,11761641,11.97
129,2000-07-13,39000,40300,36100,36500,9793990,-4.82
130,2000-07-14,37700,38200,35750,37000,4959921,1.37
131,2000-07-18,37700,38700,35550,36350,4512484,-1.76
132,2000-07-19,35100,36100,33050,33500,4334368,-7.84
133,2000-07-20,32750,35750,31100,34900,9017054,4.18
134,2000-07-21,35400,35700,33200,33500,4103734,-4.01
135,2000-07-24,33050,33900,29550,30000,3451845,-10.45
136,2000-07-25,29000,33500,27800,32300,9251390,7.67
137,2000-07-26,32250,32950,30000,30200,6133138,-6.5
138,2000-07-27,30000,30650,29100,29300,2850869,-2.98
139,2000-07-28,28300,28700,26200,26550,3034639,-9.39
140,2000-07-31,25600,29600,25150,28800,7869480,8.47
141,2000-08-01,29000,29450,27650,28600,5177772,-0.69
142,2000-08-02,28550,30600,27850,28950,5472265,1.22
143,2000-08-03,29600,31300,29150,29700,6057412,2.59
144,2000-08-04,30200,30400,28300,28650,2454814,-3.54
145,2000-08-07,27850,29250,26500,26800,2136841,-6.46
146,2000-08-08,27000,28350,26500,27050,3909313,0.93
147,2000-08-09,27300,28400,26650,28100,3271966,3.88
148,2000-08-10,28000,28250,27150,27350,1921367,-2.67
149,2000-08-11,27500,28100,26600,27050,1919035,-1.1
150,2000-08-14,27100,27500,26650,26950,1336931,-0.37
151,2000-08-16,26800,27700,26700,27000,1591526,0.19
152,2000-08-17,26750,27100,25500,25600,1817903,-5.19
153,2000-08-18,25700,26200,24300,24700,1782665,-3.52
154,2000-08-21,24000,24500,22150,22450,1821415,-9.11
155,2000-08-22,22650,25100,22650,25100,5399736,11.8
156,2000-08-23,25300,25400,22650,23200,3475684,-7.57
157,2000-08-24,23600,25100,22650,23400,4742456,0.86
158,2000-08-25,23500,25150,22900,24100,5120181,2.99
159,2000-08-28,25100,26950,24900,26950,4410800,11.83
160,2000-08-29,27500,27800,25700,26000,4953884,-3.53
161,2000-08-30,26000,26450,25450,26050,2375846,0.19
162,2000-08-31,26450,26650,23500,25050,2985679,-3.84
163,2000-09-01,24800,26550,24550,25150,4312166,0.4
164,2000-09-04,24550,25350,24100,24200,1636267,-3.78
165,2000-09-05,24050,25500,23600,25200,2365533,4.13
166,2000-09-06,24700,25700,24100,24300,2375197,-3.57
167,2000-09-07,24000,24150,23000,23100,1534239,-4.94
168,2000-09-08,23300,23650,22650,23550,1373807,1.95
169,2000-09-14,23500,24000,22400,23800,1142953,1.06
170,2000-09-15,23100,24200,22500,22700,1513890,-4.62
171,2000-09-18,21150,21400,20000,20000,1149044,-11.89
172,2000-09-19,19000,20300,18300,19100,2767643,-4.5
173,2000-09-20,20000,20600,19300,19600,2075971,2.62
174,2000-09-21,19000,19350,17550,17800,2045368,-9.18
175,2000-09-22,17300,17400,15700,15700,1893629,-11.8
176,2000-09-25,15900,17500,15650,16900,2963110,7.64
177,2000-09-26,16600,17800,16500,17000,3540953,0.59
178,2000-09-27,16900,19000,16850,19000,4618761,11.76
179,2000-09-28,19100,19600,18300,18400,4223526,-3.16
180,2000-09-29,19000,19300,18300,18600,2289731,1.09
181,2000-10-02,18050,18650,17700,17950,2260954,-3.49
182,2000-10-04,17000,18100,16900,17450,2323976,-2.79
183,2000-10-05,17800,19500,17700,18550,4003412,6.3
184,2000-10-06,18400,19500,18100,18550,2900829,0.0
185,2000-10-09,18650,19100,17500,17700,1975260,-4.58
186,2000-10-10,18050,18700,17600,18250,2514483,3.11
187,2000-10-11,17500,17800,16200,16450,1644890,-9.86
188,2000-10-12,15850,16600,15750,16200,1338003,-1.52
189,2000-10-13,15050,15100,14300,15000,1568765,-7.41
190,2000-10-16,16500,16800,16050,16800,1761029,12.0
191,2000-10-17,16500,17100,14800,15300,2878085,-8.93
192,2000-10-18,14900,15950,14050,15500,2448766,1.31
193,2000-10-19,15600,16200,15050,15250,1804379,-1.61
194,2000-10-20,16150,16400,15350,15450,1858944,1.31
195,2000-10-23,15250,15750,14350,14450,1500832,-6.47
196,2000-10-24,14300,15050,13950,14450,1958522,0.0
197,2000-10-25,14100,14950,14000,14300,1864838,-1.04
198,2000-10-26,14000,14200,12950,13450,1566617,-5.94
199,2000-10-27,13600,13800,12300,12500,2464509,-7.06
200,2000-10-30,11850,12150,11000,11000,2235702,-12.0
201,2000-10-31,10500,12300,9910,12300,7865677,11.82
202,2000-11-01,12700,13100,11600,11700,5091314,-4.88
203,2000-11-02,11800,13050,11550,12550,5022700,7.26
204,2000-11-03,12950,13600,12450,12700,4647403,1.2
205,2000-11-06,12200,12900,12150,12450,2131240,-1.97
206,2000-11-07,12650,13300,12500,12750,3542924,2.41
207,2000-11-08,12450,12950,12100,12200,1852048,-4.31
208,2000-11-09,11900,12300,11600,11950,1927371,-2.05
209,2000-11-10,11700,12250,11600,11900,2096973,-0.42
210,2000-11-13,11500,11650,10750,11000,1387970,-7.56
211,2000-11-14,10900,11400,10900,11250,1132127,2.27
212,2000-11-15,11700,12400,11450,11550,4140278,2.67
213,2000-11-16,11450,11600,11000,11200,1140776,-3.03
214,2000-11-17,11000,11200,10900,11000,1006010,-1.79
215,2000-11-20,10750,11100,10600,10650,1154008,-3.18
216,2000-11-21,10350,10400,9950,10100,1531733,-5.16
217,2000-11-22,9900,10150,9510,9600,2529540,-4.95
218,2000-11-23,9300,9320,8450,8450,3072792,-11.98
219,2000-11-24,8500,8670,7940,8520,3727428,0.83
220,2000-11-27,8700,9130,8630,8760,3036651,2.82
221,2000-11-28,8500,8550,7800,7850,1986253,-10.39
222,2000-11-29,7300,7450,7160,7270,2039815,-7.39
223,2000-11-30,7350,8140,7220,8140,4199403,11.97
224,2000-12-01,8050,8890,7890,8290,8483138,1.84
225,2000-12-04,8770,9090,8310,8350,4347363,0.72
226,2000-12-05,8510,8840,7930,8700,3663052,4.19
227,2000-12-06,9200,9300,8080,8180,3340360,-5.98
228,2000-12-07,7900,8360,7870,8010,2198106,-2.08
229,2000-12-08,8060,8680,7970,8590,2784943,7.24
230,2000-12-11,8700,8880,8420,8650,3428106,0.7
231,2000-12-12,8630,8740,8070,8110,2004692,-6.24
232,2000-12-13,8080,8300,7970,8200,2519104,1.11
233,2000-12-14,7910,8060,7870,7980,1351034,-2.68
234,2000-12-15,7710,7890,7390,7480,1410402,-6.27
235,2000-12-18,7400,8070,7400,7700,2893214,2.94
236,2000-12-19,7500,8090,7130,7320,2567772,-4.94
237,2000-12-20,7320,7640,7040,7220,2953366,-1.37
238,2000-12-21,7100,7170,6360,6360,2704452,-11.91
239,2000-12-22,6450,6640,5600,5680,2950805,-10.69
240,2000-12-26,5750,6190,5500,5500,4760238,-3.17
241,2001-01-02,5500,6160,5500,6160,1743752,12.0
242,2001-01-03,6280,6890,6100,6890,3960887,11.85
243,2001-01-04,7710,7710,7710,7710,168516,11.9
244,2001-01-05,8630,8630,8300,8630,3275994,11.93
245,2001-01-08,8600,9660,8480,9660,5376046,11.94
246,2001-01-09,10000,10800,9800,10800,5465138,11.8
247,2001-01-10,11400,12050,9610,9780,8814583,-9.44
248,2001-01-11,10600,10950,10300,10950,8190062,11.96
249,2001-01-12,12250,12250,12250,12250,483525,11.87
250,2001-01-15,13700,13700,13700,13700,137546,11.84
251,2001-01-16,15300,15300,14100,15300,9598485,11.68
252,2001-01-17,15400,17100,14750,17100,18987836,11.76
253,2001-01-18,17300,18800,15050,15050,15366576,-11.99
254,2001-01-19,15800,16850,13800,15800,23722203,4.98
255,2001-01-22,16000,17650,15650,17650,10034211,11.71
256,2001-01-26,18850,19750,18200,19300,15781624,9.35
257,2001-01-29,19100,20300,17900,18500,14445926,-4.15
258,2001-01-30,18800,19150,16900,17300,10247518,-6.49
259,2001-01-31,16800,19350,15600,19350,18114155,11.85
260,2001-02-01,19250,21550,18150,18350,19180353,-5.17
261,2001-02-02,19050,19450,17800,18500,9455650,0.82
262,2001-02-05,17600,18100,16350,16500,6384336,-10.81
263,2001-02-06,16800,18450,16450,18450,12133565,11.82
264,2001-02-07,18400,19250,17050,17150,12094507,-7.05
265,2001-02-08,17750,18600,17500,18200,9057695,6.12
266,2001-02-09,18200,18600,17600,17950,5927671,-1.37
267,2001-02-12,17500,19200,17450,18750,8263743,4.46
268,2001-02-13,19400,19650,18300,18750,6402098,0.0
269,2001-02-14,18500,19300,18400,18900,6310018,0.8
270,2001-02-15,19600,21150,19100,21150,8878770,11.9
271,2001-02-16,22300,23650,21300,22300,20051771,5.44
272,2001-02-19,22500,24500,22000,24500,12260350,9.87
273,2001-02-20,25150,25400,23050,24500,12772886,0.0
274,2001-02-21,23800,24200,22850,23400,5502508,-4.49
275,2001-02-22,22650,22800,20600,21100,9843332,-9.83
276,2001-02-23,20550,22300,20550,21800,8514998,3.32
277,2001-02-26,22350,22700,21000,21800,4868817,0.0
278,2001-02-27,22300,22500,20050,20200,5596476,-7.34
279,2001-02-28,19500,20700,19150,20450,7393531,1.24
280,2001-03-02,20400,20550,18000,18050,6939865,-11.74
281,2001-03-05,17500,20200,16750,20200,13729233,11.91
282,2001-03-06,20500,21250,18850,19200,16675005,-4.95
283,2001-03-07,20000,20250,18700,19000,7400694,-1.04
284,2001-03-08,19500,21250,19350,20800,11972755,9.47
285,2001-03-09,19900,20300,19200,19300,7263862,-7.21
286,2001-03-12,18500,18600,17250,17500,5647360,-9.33
287,2001-03-13,16500,18250,16050,17500,12718045,0.0
288,2001-03-14,18800,19150,18300,18600,9342207,6.29
289,2001-03-15,17500,20100,17500,19400,11820786,4.3
290,2001-03-16,19300,19500,18350,18600,6582852,-4.12
291,2001-03-19,18100,19300,18000,18750,6765439,0.81
292,2001-03-20,19200,19600,18250,18350,6355292,-2.13
293,2001-03-21,17700,18600,17700,18200,4806623,-0.82
294,2001-03-22,18200,18450,17050,17600,4632757,-3.3
295,2001-03-23,17800,18100,17300,17350,2985010,-1.42
296,2001-03-26,17500,18100,17500,17750,2571691,2.31
297,2001-03-27,17750,17850,17000,17000,2284258,-4.23
298,2001-03-28,17500,17750,16150,16300,3378765,-4.12
299,2001-03-29,16000,16550,14900,15400,4009752,-5.52
300,2001-03-30,15400,15650,14250,15000,4949648,-2.6
301,2001-04-02,15000,16500,14750,15700,12299330,4.67
302,2001-04-03,15000,15250,14400,14500,4382150,-7.64
303,2001-04-04,14000,14400,13300,13550,5242328,-6.55
304,2001-04-06,14700,15150,14250,14600,9055029,7.75
305,2001-04-09,14200,14400,13400,13400,4216490,-8.22
306,2001-04-10,14050,14150,12800,13250,4021686,-1.12
307,2001-04-11,14000,14250,13550,13950,5746992,5.28
308,2001-04-12,14200,15050,13950,14450,7903085,3.58
309,2001-04-13,14900,15000,13950,14200,4589398,-1.73
310,2001-04-16,14200,14500,13750,13750,2298184,-3.17
311,2001-04-17,13550,14000,13400,13700,2344000,-0.36
312,2001-04-18,14350,15300,14250,15300,7713559,11.68
313,2001-04-19,17100,17100,16700,17100,2472140,11.76
314,2001-04-20,17800,18500,17100,17250,14301294,0.88
315,2001-04-23,17200,19300,16950,19200,13280126,11.3
316,2001-04-24,18600,20300,18100,19150,21687216,-0.26
317,2001-04-25,19250,19850,18000,18400,9295887,-3.92
318,2001-04-26,19000,19250,17600,17750,7147414,-3.53
319,2001-04-27,17150,17850,16550,17000,4518303,-4.23
320,2001-04-30,17400,19000,17400,19000,7566120,11.76
321,2001-05-02,20100,21000,19400,19500,11392052,2.63
322,2001-05-03,19500,19550,18050,18300,6645874,-6.15
323,2001-05-04,17800,20000,17550,20000,11450267,9.29
324,2001-05-07,20750,21600,20350,20650,15747738,3.25
325,2001-05-08,20100,20450,19300,19450,5981859,-5.81
326,2001-05-09,19500,20750,18550,18600,7577444,-4.37
327,2001-05-10,18800,20600,18550,20600,5844349,10.75
328,2001-05-11,20700,21450,19650,20750,15247404,0.73
329,2001-05-14,21100,22250,20800,21500,13569306,3.61
330,2001-05-15,21500,21750,20500,20500,6392197,-4.65
331,2001-05-16,20500,20850,19250,19300,5258989,-5.85
332,2001-05-17,20500,21350,20400,21100,7849026,9.33
333,2001-05-18,20100,20550,19650,20000,4147438,-5.21
334,2001-05-21,20500,20700,19900,20050,4031890,0.25
335,2001-05-22,21000,21200,19950,20050,4499270,0.0
336,2001-05-23,19800,21050,19800,20050,7925079,0.0
337,2001-05-24,19700,20200,19300,19850,3323837,-1.0
338,2001-05-25,19900,20250,19600,19650,2787074,-1.01
339,2001-05-28,19150,19400,18900,18900,2205458,-3.82
340,2001-05-29,18600,19550,18600,19400,3393905,2.65
341,2001-05-30,18850,19050,18550,18700,1977118,-3.61
342,2001-05-31,18050,18350,17850,18200,1783196,-2.67
343,2001-06-01,18200,18400,17450,17500,1928020,-3.85
344,2001-06-04,17150,17700,17150,17250,1218459,-1.43
345,2001-06-05,17300,18600,17300,17450,4338119,1.16
346,2001-06-07,17500,17800,16950,17650,1888444,1.15
347,2001-06-08,18400,19450,17900,18850,6259803,6.8
348,2001-06-11,18400,18400,17700,17750,2038014,-5.84
349,2001-06-12,17700,18600,17650,17850,2666865,0.56
350,2001-06-13,18050,18450,17800,18200,1785516,1.96
351,2001-06-14,17800,18250,17800,17900,1419521,-1.65
352,2001-06-15,17400,18200,17400,18000,1540815,0.56
353,2001-06-18,17650,17950,17500,17600,1083444,-2.22
354,2001-06-19,17400,17850,17400,17650,1255007,0.28
355,2001-06-20,17450,17600,16350,16800,1319145,-4.82
356,2001-06-21,17000,17500,16850,16950,1641298,0.89
357,2001-06-22,16550,17100,16500,16500,918334,-2.65
358,2001-06-25,16200,16500,15700,15900,1304920,-3.64
359,2001-06-26,16000,16200,15400,15550,973509,-2.2
360,2001-06-27,15650,16350,15300,15900,2339605,2.25
361,2001-06-28,15900,16200,15300,15300,893017,-3.77
362,2001-06-29,15850,16150,15600,15750,1088682,2.94
363,2001-07-02,15750,15900,15500,15550,782099,-1.27
364,2001-07-03,15650,16700,15500,16150,3658670,3.86
365,2001-07-04,16100,16300,15650,15950,1101590,-1.24
366,2001-07-05,15850,16150,15550,15550,713029,-2.51
367,2001-07-06,15100,15200,14800,14900,849902,-4.18
368,2001-07-09,14150,14300,13350,13550,1222469,-9.06
369,2001-07-10,13900,14050,13450,13500,911718,-0.37
370,2001-07-11,12500,13600,12500,12900,1647673,-4.44
371,2001-07-12,13700,14400,13650,14400,1881701,11.63
372,2001-07-13,15300,15550,13200,13400,5158129,-6.94
373,2001-07-16,13750,14700,13250,14700,4090107,9.7
374,2001-07-18,14800,14950,13800,13800,2929607,-6.12
375,2001-07-19,13500,15450,13400,15450,7993692,11.96
376,2001-07-20,15200,17100,14750,15300,13451176,-0.97
377,2001-07-23,15600,16300,15150,15750,9829632,2.94
378,2001-07-24,15950,16750,15250,16200,9068017,2.86
379,2001-07-25,15800,16400,15300,15450,4142170,-4.63
380,2001-07-26,15700,16150,15000,15300,3413396,-0.97
381,2001-07-27,15550,16100,15400,15600,3785545,1.96
382,2001-07-30,15400,15750,14800,14800,2128879,-5.13
383,2001-07-31,14800,15300,14750,15150,2265037,2.36
384,2001-08-01,15300,16750,15150,16300,8672538,7.59
385,2001-08-02,16500,16550,15650,15900,3176194,-2.45
386,2001-08-03,16100,16250,15650,15700,2006074,-1.26
387,2001-08-06,15750,16500,15700,15900,3975105,1.27
388,2001-08-07,15500,15850,15250,15750,2776375,-0.94
389,2001-08-08,15600,16150,15350,15400,1990250,-2.22
390,2001-08-09,14950,15350,14850,15200,1818072,-1.3
391,2001-08-10,15200,15400,14850,14950,1260891,-1.64
392,2001-08-13,14700,15000,14400,14500,1380576,-3.01
393,2001-08-14,14550,15200,14400,14800,2194865,2.07
394,2001-08-16,14350,14500,14100,14250,1417095,-3.72
395,2001-08-17,14400,15100,14400,14400,3227195,1.05
396,2001-08-20,14000,14200,13900,14200,1122210,-1.39
397,2001-08-21,14500,14700,14050,14100,1313364,-0.7
398,2001-08-22,13600,14600,13550,14600,1695716,3.55
399,2001-08-23,14700,14800,13900,13900,1576501,-4.79
400,2001-08-24,14100,14950,13850,14900,4776311,7.19
401,2001-08-27,15300,15300,14300,14300,3529671,-4.03
402,2001-08-28,14100,14600,14100,14300,1226897,0.0
403,2001-08-29,14050,14100,13500,13600,1441755,-4.9
404,2001-08-30,13250,13800,13000,13550,1527742,-0.37
405,2001-08-31,13100,13250,12100,12600,1486159,-7.01
406,2001-09-03,12600,13350,12400,12900,2503891,2.38
407,2001-09-04,12700,13200,12500,13200,1595022,2.33
408,2001-09-05,12800,12950,12600,12650,1025415,-4.17
409,2001-09-06,12600,13700,12600,13400,3800181,5.93
410,2001-09-07,13400,14500,13200,14150,6768980,5.6
411,2001-09-10,14050,14700,13850,14350,5058098,1.41
412,2001-09-11,14650,14800,13200,13500,3841457,-5.92
413,2001-09-12,11900,11900,11900,11900,95025,-11.85
414,2001-09-13,11500,12300,11400,11650,6452510,-2.1
415,2001-09-14,11800,11900,10300,10300,4365785,-11.59
416,2001-09-17,10300,10300,9100,9100,5005557,-11.65
417,2001-09-18,9660,10150,9550,10150,6439966,11.54
418,2001-09-19,10050,10850,9740,9770,6442502,-3.74
419,2001-09-20,9700,9830,8700,8990,2909001,-7.98
420,2001-09-21,8500,9980,8270,9500,7838517,5.67
421,2001-09-24,9600,10150,9120,9540,6784126,0.42
422,2001-09-25,10100,10250,8820,8950,4162335,-6.18
423,2001-09-26,9200,9320,8870,9030,2359546,0.89
424,2001-09-27,8900,9470,8880,9290,2720649,2.88
425,2001-09-28,9350,10350,9330,10100,6948234,8.72
426,2001-10-04,10950,11300,10650,11300,6087855,11.88
427,2001-10-05,11050,11150,10350,10450,4514069,-7.52
428,2001-10-08,10150,10850,9820,10150,4410950,-2.87
429,2001-10-09,10500,11350,10500,11350,5826713,11.82
430,2001-10-10,11800,12200,11250,11400,11907065,0.44
431,2001-10-11,12350,12400,11400,11700,5223302,2.63
432,2001-10-12,12300,13100,12100,13100,4046832,11.97
433,2001-10-15,14650,14650,14650,14650,308626,11.83
434,2001-10-16,15500,16400,15200,16400,17449891,11.95
435,2001-10-17,16500,16700,15700,16350,11714869,-0.3
436,2001-10-18,16100,18100,15800,16500,11389737,0.92
437,2001-10-19,16100,16700,14900,15300,5965046,-7.27
438,2001-10-22,15500,15850,14900,15600,4190991,1.96
439,2001-10-23,15900,16150,15100,15100,3967443,-3.21
440,2001-10-24,15100,16900,15100,16900,16417092,11.92
441,2001-10-25,16900,17400,16000,16000,10516190,-5.33
442,2001-10-26,16500,16800,15800,16400,6077484,2.5
443,2001-10-29,16600,17150,16300,16350,5334769,-0.3
444,2001-10-30,15600,15950,15400,15700,3086428,-3.98
445,2001-10-31,15800,16200,15600,16000,3780896,1.91
446,2001-11-01,16100,17850,15800,16750,12135588,4.69
447,2001-11-02,17100,17300,16400,16700,4931284,-0.3
448,2001-11-05,16900,17650,16700,17300,6478811,3.59
449,2001-11-06,17350,17750,16700,16750,6361448,-3.18
450,2001-11-07,16950,17050,16200,16200,3586725,-3.28
451,2001-11-08,16250,16950,16000,16100,6459782,-0.62
452,2001-11-09,15850,16200,15700,15900,3130933,-1.24
453,2001-11-12,15800,16450,15800,16150,4078408,1.57
454,2001-11-13,16000,16200,15550,15900,3058217,-1.55
455,2001-11-14,16200,16600,16050,16100,4642719,1.26
456,2001-11-15,16100,16200,14200,14200,9353543,-11.8
457,2001-11-16,12500,12500,12500,12500,264297,-11.97
458,2001-11-19,11000,13150,11000,12350,30197209,-1.2
459,2001-11-20,12500,12850,11250,11550,9689339,-6.48
460,2001-11-21,12000,12300,11300,11650,9010228,0.87
461,2001-11-22,11300,11450,10800,10800,6074754,-7.3
462,2001-11-23,11000,12050,10900,12050,14876071,11.57
463,2001-11-26,12150,12450,11300,11700,9696165,-2.9
464,2001-11-27,12050,12850,11550,11900,12763510,1.71
465,2001-11-28,12000,12250,11200,11250,7508584,-5.46
466,2001-11-29,11000,11450,10800,11250,3912646,0.0
467,2001-11-30,11350,11500,10900,11050,3519739,-1.78
468,2001-12-03,10800,11000,10400,10600,2970806,-4.07
469,2001-12-04,10500,11750,10500,11400,6429602,7.55
470,2001-12-05,11700,12100,11250,11350,9092683,-0.44
471,2001-12-06,11900,12050,11000,11300,5025964,-0.44
472,2001-12-07,11550,12350,11400,11700,10776782,3.54
473,2001-12-10,11900,12450,11450,12150,8868549,3.85
474,2001-12-11,12000,12000,11600,11700,3528910,-3.7
475,2001-12-12,11650,12900,11600,12450,10851688,6.41
476,2001-12-13,12450,12600,11750,11850,5515616,-4.82
477,2001-12-14,11700,12100,11550,11750,2607025,-0.84
478,2001-12-17,11700,11950,10850,11000,3356997,-6.38
479,2001-12-18,11000,11250,10200,10200,2768502,-7.27
480,2001-12-19,10250,10400,9400,9630,3282939,-5.59
481,2001-12-20,9450,10100,9450,9800,2553036,1.77
482,2001-12-21,9500,9620,9260,9290,1911262,-5.2
483,2001-12-24,9290,10100,9210,9590,4205099,3.23
484,2001-12-26,9510,9760,9440,9490,1847729,-1.04
485,2001-12-27,9710,10150,9580,9980,2735531,5.16
486,2001-12-28,9960,10650,9960,10350,2597936,3.71
487,2002-01-02,10650,11050,10600,10650,1863769,2.9
488,2002-01-03,10700,10800,10200,10250,2288239,-3.76
489,2002-01-04,10500,10950,10350,10500,4806443,2.44
490,2002-01-07,10700,11100,10400,10550,4160870,0.48
491,2002-01-08,10600,10700,10150,10250,1954828,-2.84
492,2002-01-09,10250,10350,9950,10150,2114551,-0.98
493,2002-01-10,10000,10400,9910,10200,2624886,0.49
494,2002-01-11,10100,10300,9930,9930,1511134,-2.65
495,2002-01-14,10300,10700,10050,10150,4027748,2.22
496,2002-01-15,9950,10050,9840,9910,1428337,-2.36
497,2002-01-16,9940,11050,9880,11050,8701726,11.5
498,2002-01-17,11200,11500,10350,10700,8939194,-3.17
499,2002-01-18,10750,10900,9950,9950,4286631,-7.01
500,2002-01-21,9800,9880,9620,9750,1626989,-2.01
501,2002-01-22,9650,10100,9650,9700,2477095,-0.51
502,2002-01-23,9540,10150,9540,9770,2632759,0.72
503,2002-01-24,9900,9950,9700,9750,1603177,-0.2
504,2002-01-25,9800,10050,9730,9800,2326209,0.51
505,2002-01-28,9800,10700,9750,10400,6151439,6.12
506,2002-01-29,10400,10400,9940,9950,2361461,-4.33
507,2002-01-30,9800,9820,9650,9680,1568991,-2.71
508,2002-01-31,9720,10300,9670,10000,2258732,3.31
509,2002-02-01,9890,10500,9860,9980,5065216,-0.2
510,2002-02-04,10200,10300,9710,9780,2024819,-2.0
511,2002-02-05,9700,9720,9580,9650,1213517,-1.33
512,2002-02-06,9540,10100,9530,9630,2604066,-0.21
513,2002-02-07,9560,9740,9130,9160,1560103,-4.88
514,2002-02-08,9160,9400,9140,9240,1021842,0.87
515,2002-02-14,9310,9450,9250,9270,1147575,0.32
516,2002-02-15,9200,9250,9010,9010,1545953,-2.8
517,2002-02-18,9000,9140,8510,8870,2453593,-1.55
518,2002-02-19,8920,9040,8600,8650,1453581,-2.48
519,2002-02-20,8500,8600,8360,8450,1397526,-2.31
520,2002-02-21,8450,8570,8190,8230,1463404,-2.6
521,2002-02-22,8100,9210,7960,9210,4168190,11.91
522,2002-02-25,9320,9430,8440,8510,5387868,-7.6
523,2002-02-26,8650,8700,8260,8310,2147832,-2.35
524,2002-02-27,8360,8680,8320,8380,1840506,0.84
525,2002-02-28,8330,9220,8330,8900,6223707,6.21
526,2002-03-04,9300,9870,9250,9610,5751028,7.98
527,2002-03-05,9700,9960,9030,9030,5953513,-6.04
528,2002-03-06,9030,9450,8900,9190,5417889,1.77
529,2002-03-07,9150,9670,8910,8920,5398997,-2.94
530,2002-03-08,8920,9100,8630,8880,1919933,-0.45
531,2002-03-11,8780,8980,8780,8810,1672869,-0.79
532,2002-03-12,8800,9450,8800,9020,4840142,2.38
533,2002-03-13,9020,9110,8880,8890,1506260,-1.44
534,2002-03-14,8900,9110,8870,8930,1578510,0.45
535,2002-03-15,8900,9040,8850,8870,2198501,-0.67
536,2002-03-18,8970,9930,8890,9930,10379897,11.95
537,2002-03-19,10100,10400,9830,9940,9063814,0.1
538,2002-03-20,9960,10350,9650,9720,5217212,-2.21
539,2002-03-21,9530,9630,9170,9200,3084431,-5.35
540,2002-03-22,9220,10100,9220,9600,6978967,4.35
541,2002-03-25,9600,9650,9180,9610,3366908,0.1
542,2002-03-26,9450,9520,9270,9280,2082190,-3.43
543,2002-03-27,9300,9490,9200,9200,1862111,-0.86
544,2002-03-28,9100,9740,9100,9170,4024896,-0.33
545,2002-03-29,9140,9320,8960,9000,1542417,-1.85
546,2002-04-01,8900,9490,8700,8740,4079025,-2.89
547,2002-04-02,8700,8960,8700,8740,1676500,0.0
548,2002-04-03,8600,9430,8600,8840,4850435,1.14
549,2002-04-04,8800,9050,8790,8870,1469119,0.34
550,2002-04-08,8890,9200,8820,8840,2489088,-0.34
551,2002-04-09,8840,9190,8800,8820,1997003,-0.23
552,2002-04-10,8780,8920,8080,8370,3101621,-5.1
553,2002-04-11,8370,8670,8280,8370,1134522,0.0
554,2002-04-12,8150,8310,8140,8180,1319780,-2.27
555,2002-04-15,8210,8520,8210,8250,2589368,0.86
556,2002-04-16,8250,8930,8230,8570,5810499,3.88
557,2002-04-17,8850,8850,8310,8330,2855145,-2.8
558,2002-04-18,8330,8570,8280,8280,1753659,-0.6
559,2002-04-19,8280,8360,8130,8170,1135451,-1.33
560,2002-04-22,8150,8250,7720,7850,1842137,-3.92
561,2002-04-23,7700,7750,7360,7390,1558679,-5.86
562,2002-04-24,7450,7680,7220,7250,1672178,-1.89
563,2002-04-25,7180,7290,6600,6650,1572077,-8.28
564,2002-04-26,6670,6780,6590,6650,922380,0.0
565,2002-04-29,6230,6450,6130,6170,1155781,-7.22
566,2002-04-30,6100,6270,6050,6150,1448846,-0.32
567,2002-05-02,6260,6620,6190,6420,2614650,4.39
568,2002-05-03,6300,6390,6170,6230,984488,-2.96
569,2002-05-06,6320,6820,6270,6540,3314207,4.98
570,2002-05-07,6410,6780,6320,6590,2019533,0.76
571,2002-05-08,6800,6960,6680,6730,2169402,2.12
572,2002-05-09,7000,7040,6600,6650,1532539,-1.19
573,2002-05-10,6510,6700,6420,6450,818040,-3.01
574,2002-05-13,6260,6500,6260,6310,933095,-2.17
575,2002-05-14,6370,6520,6280,6330,1040324,0.32
576,2002-05-15,6460,6530,6390,6400,900501,1.11
577,2002-05-16,6450,6540,6380,6380,820577,-0.31
578,2002-05-17,6420,7140,6410,7140,3702883,11.91
579,2002-05-20,7300,7800,6970,7010,7135287,-1.82
580,2002-05-21,7010,7300,6820,7060,3172832,0.71
581,2002-05-22,7170,7860,7050,7490,7063143,6.09
582,2002-05-23,7490,7550,6740,6810,2602039,-9.08
583,2002-05-24,6900,7330,6810,7030,3171579,3.23
584,2002-05-27,6830,7250,6830,6930,1918069,-1.42
585,2002-05-28,6930,7090,6760,7090,1663155,2.31
586,2002-05-29,7050,7570,6820,7280,6107224,2.68
587,2002-05-30,7240,7480,7030,7190,3860323,-1.24
588,2002-05-31,7390,7920,7300,7510,7835743,4.45
589,2002-06-03,7600,7680,7120,7200,2893551,-4.13
590,2002-06-04,7100,7300,6930,7120,2819808,-1.11
591,2002-06-05,7170,7270,7000,7050,1764202,-0.98
592,2002-06-07,6850,6910,6330,6420,1959106,-8.94
593,2002-06-10,6400,6650,6400,6530,1476060,1.71
594,2002-06-11,6490,6900,6400,6660,2535881,1.99
595,2002-06-12,6490,6910,6340,6420,4171209,-3.6
596,2002-06-14,6350,6360,6060,6190,3096662,-3.58
597,2002-06-17,6210,6280,6120,6150,1151287,-0.65
598,2002-06-18,6200,6260,6020,6040,1172645,-1.79
599,2002-06-19,5810,5960,5320,5370,2056520,-11.09
600,2002-06-20,5260,5730,5110,5450,3952342,1.49
601,2002-06-21,5310,5610,5310,5560,1552654,2.02
602,2002-06-24,5380,5490,5150,5280,941554,-5.04
603,2002-06-25,5310,5420,4750,4830,1292412,-8.52
604,2002-06-26,4700,4730,4260,4310,1453803,-10.77
605,2002-06-27,4410,4790,4410,4560,2097271,5.8
606,2002-06-28,4630,4870,4630,4770,1506835,4.61
607,2002-07-02,4500,4850,4460,4720,1424860,-1.05
608,2002-07-03,4760,5280,4630,5280,2531343,11.86
609,2002-07-04,5500,5550,5200,5220,3451497,-1.14
610,2002-07-05,5310,5580,5230,5300,2835532,1.53
611,2002-07-08,5410,5560,5100,5200,2547398,-1.89
612,2002-07-09,5200,5710,5160,5670,5567376,9.04
613,2002-07-10,5620,5920,5550,5780,4666636,1.94
614,2002-07-11,5730,6410,5700,6020,7711920,4.15
615,2002-07-12,6150,6230,5800,5890,2895493,-2.16
616,2002-07-15,5900,6060,5740,5750,2483807,-2.38
617,2002-07-16,5780,5850,5380,5430,1919351,-5.57
618,2002-07-18,5450,5610,5340,5340,1430801,-1.66
619,2002-07-19,5200,5240,4960,5090,1546698,-4.68
620,2002-07-22,4520,5380,4520,4930,3384062,-3.14
621,2002-07-23,5000,5520,4960,5520,4623923,11.97
622,2002-07-24,5390,5630,4860,4910,10213013,-11.05
623,2002-07-25,5110,5190,4660,4800,3791108,-2.24
624,2002-07-26,4750,4910,4630,4780,1839781,-0.42
625,2002-07-29,4830,5040,4760,4830,2501985,1.05
626,2002-07-30,4910,5020,4880,4910,1482498,1.66
627,2002-07-31,4930,5000,4800,4850,966589,-1.22
628,2002-08-01,4810,5020,4770,4810,991456,-0.82
629,2002-08-02,4740,4890,4740,4890,787894,1.66
630,2002-08-05,4860,4980,4830,4940,936866,1.02
631,2002-08-06,4900,5530,4890,5530,7508899,11.94
632,2002-08-07,5700,6190,5550,5980,5306039,8.14
633,2002-08-08,6140,6350,5940,6000,5021248,0.33
634,2002-08-09,6100,6120,5640,5660,2259370,-5.67
635,2002-08-12,6330,6330,6330,6330,1871086,11.84
636,2002-08-13,7080,7080,6700,7080,5730130,11.85
637,2002-08-14,7050,7670,6700,6860,12494039,-3.11
638,2002-08-16,7010,7330,6500,6580,13262144,-4.08
639,2002-08-19,6650,6730,6280,6290,2849459,-4.41
640,2002-08-20,6360,6600,6250,6420,4965135,2.07
641,2002-08-21,6330,6640,6330,6400,3099535,-0.31
642,2002-08-22,6450,6920,6410,6450,9256539,0.78
643,2002-08-23,6480,6890,6450,6600,6517747,2.33
644,2002-08-26,6600,6720,6330,6330,2348486,-4.09
645,2002-08-27,6410,6520,6060,6120,2348992,-3.32
646,2002-08-28,6020,6220,5840,5910,2076255,-3.43
647,2002-08-29,5900,6610,5900,6400,10707639,8.29
648,2002-08-30,6490,6530,6150,6210,2540533,-2.97
649,2002-09-02,6280,6290,6140,6200,1393091,-0.16
650,2002-09-03,6200,6430,6200,6220,2723575,0.32
651,2002-09-04,6050,6080,5870,5940,1527110,-4.5
652,2002-09-05,6000,6190,5890,5900,2674885,-0.67
653,2002-09-06,5850,5960,5650,5670,1219567,-3.9
654,2002-09-09,5700,5800,5010,5050,1708470,-10.93
655,2002-09-10,5110,5450,5110,5250,1312869,3.96
656,2002-09-11,5350,5580,5350,5480,1820273,4.38
657,2002-09-12,5450,5530,5400,5490,1030138,0.18
658,2002-09-13,5530,5790,5380,5540,2062346,0.91
659,2002-09-16,5720,5840,5630,5730,1277218,3.43
660,2002-09-17,5830,5900,5750,5810,1257089,1.4
661,2002-09-18,5670,5710,5550,5620,586590,-3.27
662,2002-09-19,5650,5840,5580,5710,778789,1.6
663,2002-09-23,5500,5610,5430,5550,528256,-2.8
664,2002-09-24,5550,5700,5500,5620,816382,1.26
665,2002-09-25,5630,5790,5410,5620,1553006,0.0
666,2002-09-26,5720,5870,5610,5800,1115218,3.2
667,2002-09-27,5950,6050,5650,5680,1860140,-2.07
668,2002-09-30,5450,5490,5000,5190,958916,-8.63
669,2002-10-01,5010,5320,5010,5240,570783,0.96
670,2002-10-02,5340,5400,5060,5060,774709,-3.44
671,2002-10-04,4900,5100,4900,5000,427682,-1.19
672,2002-10-07,4950,5110,4950,5010,588979,0.2
673,2002-10-08,5020,5160,4990,5160,785477,2.99
674,2002-10-09,5220,5230,5020,5040,467243,-2.33
675,2002-10-10,5060,5370,5000,5030,1566080,-0.2
676,2002-10-11,5300,5350,5010,5060,746194,0.6
677,2002-10-14,5180,5240,5120,5160,838365,1.98
678,2002-10-15,5230,5720,5180,5410,2597218,4.84
679,2002-10-16,5560,5710,5260,5300,2522167,-2.03
680,2002-10-17,5380,5700,5340,5520,2352792,4.15
681,2002-10-18,5520,5520,5520,5520,0,0.0
682,2002-10-21,5580,5810,5430,5430,2210577,-1.63
683,2002-10-22,5580,5600,5240,5270,775854,-2.95
684,2002-10-23,5380,5430,5240,5370,652120,1.9
685,2002-10-24,5340,5560,5270,5270,1343097,-1.86
686,2002-10-25,5210,5430,5210,5380,1027527,2.09
687,2002-10-28,5450,5730,5440,5640,1797115,4.83
688,2002-10-29,5640,5700,5430,5430,826335,-3.72
689,2002-10-30,5520,5560,5290,5350,718337,-1.47
690,2002-10-31,5410,5450,5250,5310,432556,-0.75
691,2002-11-01,5300,5940,5300,5940,3600590,11.86
692,2002-11-04,6110,6220,5730,5850,2830805,-1.52
693,2002-11-05,5960,6550,5930,6550,4343358,11.97
694,2002-11-06,6800,7330,6540,6970,7802239,6.41
695,2002-11-07,7000,7550,6650,6810,4076819,-2.3
696,2002-11-08,6500,7130,6490,6800,5326812,-0.15
697,2002-11-11,6860,7120,6710,6710,2188372,-1.32
698,2002-11-12,6520,6770,6300,6670,1561121,-0.6
699,2002-11-13,6610,6870,5870,5870,4097590,-11.99
700,2002-11-14,5400,5610,5170,5170,11605792,-11.93
701,2002-11-15,5220,5330,4830,4980,5744002,-3.68
702,2002-11-18,4980,5250,4980,5070,3750407,1.81
703,2002-11-19,5100,5180,4980,5010,2416114,-1.18
704,2002-11-20,4980,5520,4760,5070,15427866,1.2
705,2002-11-21,5300,5340,5060,5100,4611687,0.59
706,2002-11-22,5200,5240,4970,5020,4393257,-1.57
707,2002-11-25,5010,5070,4810,4810,3419138,-4.18
708,2002-11-26,4820,4940,4780,4790,2622381,-0.42
709,2002-11-27,4790,5050,4790,4880,5490664,1.88
710,2002-11-28,4960,4990,4810,4810,2390498,-1.43
711,2002-11-29,4830,4910,4800,4830,2508887,0.42
712,2002-12-02,4830,4950,4830,4900,2177284,1.45
713,2002-12-03,4950,5170,4920,5090,3788092,3.88
714,2002-12-04,5040,5210,4930,4980,2779269,-2.16
715,2002-12-05,4960,5060,4910,5020,2030018,0.8
716,2002-12-06,4990,5090,4970,5020,1824578,0.0
717,2002-12-09,5080,5370,5070,5180,5585605,3.19
718,2002-12-10,5100,5130,5020,5040,1670158,-2.7
719,2002-12-11,5150,5150,4970,4990,2008821,-0.99
720,2002-12-12,4980,5070,4980,5050,1636677,1.2
721,2002-12-13,5110,5290,5050,5090,6480444,0.79
722,2002-12-16,5040,5130,4930,4970,1519857,-2.36
723,2002-12-17,5050,5070,4940,4950,1464113,-0.4
724,2002-12-18,4870,4950,4830,4850,1841052,-2.02
725,2002-12-20,4820,4900,4680,4680,1432303,-3.51
726,2002-12-23,4610,4700,4270,4280,1974540,-8.55
727,2002-12-24,4100,4270,3860,3980,1544425,-7.01
728,2002-12-26,3920,4450,3880,4440,2755406,11.56
729,2002-12-27,4400,4970,4400,4970,8300777,11.94
730,2002-12-30,5100,5320,4670,4970,12235276,0.0
731,2003-01-02,5200,5290,5050,5060,5377029,1.81
732,2003-01-03,5180,5430,5030,5120,10211233,1.19
733,2003-01-06,5160,5340,5060,5170,6401713,0.98
734,2003-01-07,5310,5340,4760,4770,4507038,-7.74
735,2003-01-08,4760,4920,4670,4730,3393069,-0.84
736,2003-01-09,4710,4980,4590,4800,4471605,1.48
737,2003-01-10,4880,4920,4300,4490,4084103,-6.46
738,2003-01-13,4460,4610,4440,4570,1943820,1.78
739,2003-01-14,4620,5020,4620,4700,6471098,2.84
740,2003-01-15,4730,4820,4600,4670,2105854,-0.64
741,2003-01-16,4640,4700,4540,4550,1336520,-2.57
742,2003-01-17,4480,4880,4480,4720,4913728,3.74
743,2003-01-20,4720,4860,4630,4670,2740466,-1.06
744,2003-01-21,4750,4750,4520,4550,1645926,-2.57
745,2003-01-22,4470,4510,4260,4300,1423973,-5.49
746,2003-01-23,4310,4360,4230,4280,1183519,-0.47
747,2003-01-24,4270,4310,3970,4000,1791384,-6.54
748,2003-01-27,3800,3910,3800,3850,1180729,-3.75
749,2003-01-28,3820,3940,3820,3920,916667,1.82
750,2003-01-29,3910,4310,3780,4000,4228359,2.04
751,2003-01-30,4080,4230,3990,4050,2532969,1.25
752,2003-02-03,4060,4180,4000,4060,1704733,0.25
753,2003-02-04,4080,4110,4000,4030,1130098,-0.74
754,2003-02-05,3980,4220,3960,4020,2238133,-0.25
755,2003-02-06,4050,4090,3950,3980,970662,-1.0
756,2003-02-07,4020,4020,3840,3840,914581,-3.52
757,2003-02-10,3760,3900,3740,3750,793792,-2.34
758,2003-02-11,3760,3860,3560,3640,1440042,-2.93
759,2003-02-12,3580,3670,3540,3580,733628,-1.65
760,2003-02-13,3580,3640,3540,3560,813973,-0.56
761,2003-02-14,3520,3590,3520,3560,732058,0.0
762,2003-02-17,3650,3760,3640,3760,1238431,5.62
763,2003-02-18,3770,3900,3660,3790,1709262,0.8
764,2003-02-19,3880,3900,3720,3720,1170116,-1.85
765,2003-02-20,3700,3760,3640,3680,643269,-1.08
766,2003-02-21,3680,3810,3670,3690,1271740,0.27
767,2003-02-24,3690,3750,3690,3740,684962,1.36
768,2003-02-25,3700,3700,3510,3510,984956,-6.15
769,2003-02-26,3550,3590,3480,3500,612856,-0.28
770,2003-02-27,3450,3500,3410,3420,562566,-2.29
771,2003-02-28,3410,3460,3370,3400,590362,-0.58
772,2003-03-03,3360,3470,3360,3410,574797,0.29
773,2003-03-04,3400,3400,3220,3230,783441,-5.28
774,2003-03-05,3130,3160,3040,3060,764579,-5.26
775,2003-03-06,3070,3090,2960,2960,721425,-3.27
776,2003-03-07,2820,2910,2740,2750,988179,-7.09
777,2003-03-10,2650,2760,2560,2580,836701,-6.18
778,2003-03-11,2500,2570,2460,2560,853296,-0.78
779,2003-03-12,2570,2860,2570,2860,1244964,11.72
780,2003-03-13,2990,3200,2960,3200,4549492,11.89
781,2003-03-14,3450,3560,3180,3220,2867851,0.63
782,2003-03-17,3180,3200,2840,2840,1847595,-11.8
783,2003-03-18,3080,3180,3050,3180,3066497,11.97
784,2003-03-19,3220,3560,3200,3440,5728140,8.18
785,2003-03-20,3500,3780,3480,3690,3682174,7.27
786,2003-03-21,3800,3800,3590,3630,2384515,-1.63
787,2003-03-24,3710,3760,3410,3420,1878756,-5.79
788,2003-03-25,3100,3690,3100,3320,3624600,-2.92
789,2003-03-26,3460,3710,3460,3710,1461420,11.75
790,2003-03-27,3980,4150,3660,3800,8808732,2.43
791,2003-03-28,3850,4080,3660,4000,6368523,5.26
792,2003-03-31,3980,3990,3520,3540,2632132,-11.5
793,2003-04-01,3500,3950,3490,3900,4320351,10.17
794,2003-04-02,4000,4340,3930,4220,7939148,8.21
795,2003-04-03,4420,4560,4050,4100,7070880,-2.84
796,2003-04-04,4180,4310,4040,4190,4054717,2.2
797,2003-04-07,4330,4330,4180,4240,3318991,1.19
798,2003-04-08,4050,4440,4050,4350,4684995,2.59
799,2003-04-09,4400,4870,4200,4210,11306838,-3.22
800,2003-04-10,4280,4480,4180,4300,7256280,2.14
801,2003-04-11,4350,4660,4290,4290,5600140,-0.23
802,2003-04-14,4370,4510,4340,4400,3102252,2.56
803,2003-04-15,4500,4530,4310,4350,2728741,-1.14
804,2003-04-16,4460,4590,4400,4460,4490288,2.53
805,2003-04-17,4380,4990,4380,4670,11900486,4.71
806,2003-04-18,4870,4920,4640,4680,5890021,0.21
807,2003-04-21,4670,4760,4610,4620,1919597,-1.28
808,2003-04-22,4560,4710,4380,4420,2561412,-4.33
809,2003-04-23,4420,4550,4280,4290,2176191,-2.94
810,2003-04-24,4320,4380,3990,4020,1711912,-6.29
811,2003-04-25,3890,4190,3810,3900,4833043,-2.99
812,2003-04-28,3810,4030,3810,3900,2133142,0.0
813,2003-04-29,4070,4340,4040,4200,5457127,7.69
814,2003-04-30,4230,4270,4060,4090,2248901,-2.62
815,2003-05-02,4160,4580,4020,4580,7305756,11.98
816,2003-05-06,4910,5000,4660,4750,9762939,3.71
817,2003-05-07,4900,4930,4730,4810,3888408,1.26
818,2003-05-09,4900,5380,4830,5380,10525297,11.85
819,2003-05-12,5450,6020,5370,6020,9896506,11.9
820,2003-05-13,6190,6690,6060,6100,11335087,1.33
821,2003-05-14,6250,6590,6140,6390,8986217,4.75
822,2003-05-15,6610,6780,6050,6170,7523956,-3.44
823,2003-05-16,6100,6590,6100,6340,8964319,2.76
824,2003-05-19,6340,6520,5780,6030,6451824,-4.89
825,2003-05-20,5810,6750,5810,6750,11933350,11.94
826,2003-05-21,6900,7560,6740,7320,16571300,8.44
827,2003-05-22,7560,8190,7560,8190,13220671,11.89
828,2003-05-23,8700,9170,8650,9170,5071665,11.97
829,2003-05-26,10000,10250,9910,10250,1348091,11.78
830,2003-05-27,11450,11450,10250,11450,16302534,11.71
831,2003-05-28,11650,12100,10100,10100,18147657,-11.79
832,2003-05-29,9760,10150,8950,9190,21956158,-9.01
833,2003-05-30,9350,9610,8820,9120,15100741,-0.76
834,2003-06-02,9250,9320,8320,8450,9999372,-7.35
835,2003-06-03,8440,9200,8400,8550,13877700,1.18
836,2003-06-04,8730,8850,7960,8420,9442456,-1.52
837,2003-06-05,8600,8680,8060,8080,6013817,-4.04
838,2003-06-09,8140,9040,8140,9040,13756345,11.88
839,2003-06-10,9160,9860,9080,9230,16810260,2.1
840,2003-06-11,9430,9650,8960,9060,9987418,-1.84
841,2003-06-12,9330,9350,8910,9030,5284543,-0.33
842,2003-06-13,9100,9230,8830,8850,5241175,-1.99
843,2003-06-16,8700,9760,8650,9390,13841302,6.1
844,2003-06-17,9710,9750,9210,9230,6811298,-1.7
845,2003-06-18,9330,9420,8910,9000,4437273,-2.49
846,2003-06-19,9010,9190,8820,8930,5198586,-0.78
847,2003-06-20,8780,9550,8780,9070,12161968,1.57
848,2003-06-23,9020,9190,8210,8410,4683585,-7.28
849,2003-06-24,8330,8540,8040,8300,4967878,-1.31
850,2003-06-25,8300,8680,8300,8460,6233400,1.93
851,2003-06-26,8450,8670,8190,8200,4662701,-3.07
852,2003-06-27,8330,8860,8330,8560,9668168,4.39
853,2003-06-30,8580,8650,8290,8370,3176792,-2.22
854,2003-07-01,8400,8570,8330,8420,3204659,0.6
855,2003-07-02,8510,8610,8390,8430,3401219,0.12
856,2003-07-03,8590,8850,8470,8530,9519582,1.19
857,2003-07-04,8690,8740,8340,8470,3773092,-0.7
858,2003-07-07,8570,9480,8490,9480,11756934,11.92
859,2003-07-08,9810,10350,9360,9580,18094564,1.05
860,2003-07-09,9720,9980,9310,9530,7620681,-0.52
861,2003-07-10,9600,9680,9180,9230,4645104,-3.15
862,2003-07-11,9020,9470,8830,9170,6915209,-0.65
863,2003-07-14,9170,9560,9150,9200,6281804,0.33
864,2003-07-15,9230,9350,8550,8600,4245914,-6.52
865,2003-07-16,8780,8850,8520,8630,3476754,0.35
866,2003-07-18,8300,8630,8130,8130,3315458,-5.79
867,2003-07-21,8110,8360,7170,7450,3306679,-8.36
868,2003-07-22,7400,7530,6710,7250,4704990,-2.68
869,2003-07-23,7300,7370,7020,7080,2247570,-2.34
870,2003-07-24,7000,7240,6850,6850,2311058,-3.25
871,2003-07-25,6780,7130,6730,6900,3511934,0.73
872,2003-07-28,7100,7610,7060,7520,5446527,8.99
873,2003-07-29,7500,7540,7180,7230,2155768,-3.86
874,2003-07-30,7220,7450,7040,7080,2007683,-2.07
875,2003-07-31,7100,7180,6880,6960,1655156,-1.69
876,2003-08-01,7020,7140,6980,7050,1730735,1.29
877,2003-08-04,6900,6990,6720,6760,1497479,-4.11
878,2003-08-05,6810,7170,6810,7090,2789399,4.88
879,2003-08-06,6950,7260,6880,7190,2971660,1.41
880,2003-08-07,7300,7920,7250,7500,9030210,4.31
881,2003-08-08,7570,7710,7320,7330,4178082,-2.27
882,2003-08-11,7270,7540,7160,7340,2556099,0.14
883,2003-08-12,7410,7780,7200,7200,5833203,-1.91
884,2003-08-13,7270,7360,7050,7090,2294779,-1.53
885,2003-08-14,7100,7320,7020,7040,2392503,-0.71
886,2003-08-18,7020,7300,7020,7080,2608117,0.57
887,2003-08-19,7220,7260,6970,7040,1941157,-0.56
888,2003-08-20,7070,7460,7050,7080,3953950,0.57
889,2003-08-21,7230,7260,7070,7130,1656182,0.71
890,2003-08-22,7160,7260,6900,6900,2155266,-3.23
891,2003-08-25,6830,7060,6830,6900,1704431,0.0
892,2003-08-26,6900,6990,6760,6830,1475190,-1.01
893,2003-08-27,6830,6890,6650,6650,1577575,-2.64
894,2003-08-28,6700,6750,6450,6460,1561249,-2.86
895,2003-08-29,6530,6810,6530,6700,3039755,3.72
896,2003-09-01,6760,6910,6680,6720,1718738,0.3
897,2003-09-02,6780,6830,6660,6750,1210508,0.45
898,2003-09-03,6800,7290,6780,6870,6531198,1.78
899,2003-09-04,7010,7040,6660,6700,1700330,-2.47
900,2003-09-05,6760,6800,6530,6580,1217748,-1.79
901,2003-09-08,6450,6530,6120,6180,1304509,-6.08
902,2003-09-09,6100,6340,6100,6120,2997310,-0.97
903,2003-09-15,6150,6270,6130,6180,1256849,0.98
904,2003-09-16,6200,6570,6200,6360,2938975,2.91
905,2003-09-17,6440,6480,6200,6210,1650384,-2.36
906,2003-09-18,6220,6270,6070,6080,1020123,-2.09
907,2003-09-19,6170,6210,5870,5930,1304980,-2.47
908,2003-09-22,5820,5900,5300,5400,1616908,-8.94
909,2003-09-23,5330,5460,5030,5350,1776904,-0.93
910,2003-09-24,5400,5470,5300,5300,1314228,-0.93
911,2003-09-25,5000,5100,4960,5000,1364599,-5.66
912,2003-09-26,4930,5240,4930,5000,1561948,0.0
913,2003-09-29,5000,5160,4950,5130,1337241,2.6
914,2003-09-30,5210,5320,5070,5090,1890155,-0.78
915,2003-10-01,4970,5160,4800,5160,1546251,1.38
916,2003-10-02,5270,5370,5080,5080,1845594,-1.55
917,2003-10-06,5150,5230,5030,5080,1145350,0.0
918,2003-10-07,5200,5680,5160,5670,6939147,11.61
919,2003-10-08,5560,5630,5260,5280,3281574,-6.88
920,2003-10-09,5350,5550,5290,5380,2349165,1.89
921,2003-10-10,5450,5530,5330,5440,1659058,1.12
922,2003-10-13,5400,5470,5250,5250,1643156,-3.49
923,2003-10-14,5300,5430,5250,5340,2061177,1.71
924,2003-10-15,5450,5680,5420,5440,4020876,1.87
925,2003-10-16,5400,5500,5350,5380,1363849,-1.1
926,2003-10-17,5400,5450,5210,5250,1392035,-2.42
927,2003-10-20,5210,5340,5210,5270,955422,0.38
928,2003-10-21,5350,5510,5310,5360,2488881,1.71
929,2003-10-22,5420,5450,5170,5190,1458394,-3.17
930,2003-10-23,5090,5140,4900,4945,1211209,-4.72
931,2003-10-24,4900,5030,4895,4925,791406,-0.4
932,2003-10-27,4930,5510,4930,5510,1530838,11.88
933,2003-10-28,5900,6070,5480,5560,5214102,0.91
934,2003-10-29,5600,5680,5380,5660,3315471,1.8
935,2003-10-30,5800,5820,5560,5650,3021894,-0.18
936,2003-10-31,5650,5970,5610,5660,5440900,0.18
937,2003-11-03,5750,5760,5510,5520,1845994,-2.47
938,2003-11-04,5600,5820,5440,5710,4471770,3.44
939,2003-11-05,5730,6390,5730,6390,10623734,11.91
940,2003-11-06,6450,6850,6250,6390,11293475,0.0
941,2003-11-07,6460,6570,6170,6270,3467340,-1.88
942,2003-11-10,6340,6870,6340,6540,7061701,4.31
943,2003-11-11,6500,6780,6220,6320,4477564,-3.36
944,2003-11-12,6410,7070,6270,7070,6691998,11.87
945,2003-11-13,7190,7730,7170,7200,12655333,1.84
946,2003-11-14,7220,7370,7010,7120,3882923,-1.11
947,2003-11-17,7100,7380,7080,7110,3758605,-0.14
948,2003-11-18,7100,7220,6750,6870,3092832,-3.38
949,2003-11-19,6700,6800,6200,6400,3095855,-6.84
950,2003-11-20,6410,6680,6370,6500,3509832,1.56
951,2003-11-21,6380,6710,6200,6210,3958761,-4.46
952,2003-11-24,6210,6350,5710,5710,3130161,-8.05
953,2003-11-25,5910,6030,5820,6020,2483838,5.43
954,2003-11-26,5970,6740,5970,6740,8523967,11.96
955,2003-11-27,6690,6720,6180,6250,4086959,-7.27
956,2003-11-28,6280,6510,6220,6400,2736470,2.4
957,2003-12-01,6500,6740,6400,6570,3471243,2.66
958,2003-12-02,6660,6780,6510,6520,2696933,-0.76
959,2003-12-03,6600,6770,6470,6490,3070397,-0.46
960,2003-12-04,6500,6600,6370,6420,2486011,-1.08
961,2003-12-05,6430,6610,6350,6350,2934007,-1.09
962,2003-12-08,6260,6710,6260,6520,4303422,2.68
963,2003-12-09,6650,6650,6360,6390,2204634,-1.99
964,2003-12-10,6350,6440,6220,6260,1813448,-2.03
965,2003-12-11,6280,6370,6220,6220,1423209,-0.64
966,2003-12-12,6310,6340,6070,6190,1893662,-0.48
967,2003-12-15,6300,6390,6190,6390,1803323,3.23
968,2003-12-16,6260,6640,6170,6440,5071229,0.78
969,2003-12-17,6500,7050,6360,6550,8614027,1.71
970,2003-12-18,6630,6850,6490,6650,3564003,1.53
971,2003-12-19,6740,6870,6250,6250,2908160,-6.02
972,2003-12-22,6160,6350,5910,5960,2436881,-4.64
973,2003-12-23,6000,6120,5460,5600,2518528,-6.04
974,2003-12-24,5590,5710,5400,5400,1967402,-3.57
975,2003-12-26,5350,5710,5320,5570,2747568,3.15
976,2003-12-29,5570,5930,5520,5810,2943379,4.31
977,2003-12-30,5950,5960,5750,5840,1493596,0.52
978,2004-01-02,5900,5910,5720,5770,952730,-1.2
979,2004-01-05,5820,6030,5780,5950,1975995,3.12
980,2004-01-06,6050,6070,5740,5770,1571279,-3.03
981,2004-01-07,5770,5820,5630,5630,1378932,-2.43
982,2004-01-08,5650,5710,5500,5530,1193898,-1.78
983,2004-01-09,5550,5750,5550,5610,2085554,1.45
984,2004-01-12,5630,5770,5600,5640,1270187,0.53
985,2004-01-13,5700,5820,5600,5670,1639867,0.53
986,2004-01-14,5650,6120,5650,6080,5634657,7.23
987,2004-01-15,6090,6190,5890,6110,3402855,0.49
988,2004-01-16,6230,6420,6080,6100,3752116,-0.16
989,2004-01-19,6260,6320,6090,6320,2737491,3.61
990,2004-01-20,6350,6800,6200,6660,5665062,5.38
991,2004-01-26,6700,7450,6610,7400,10932350,11.11
992,2004-01-27,7550,8280,7410,8280,9937353,11.89
993,2004-01-28,8620,8890,8230,8330,10194991,0.6
994,2004-01-29,8550,9320,8410,8810,12794597,5.76
995,2004-01-30,8700,8940,7760,7840,11830354,-11.01
996,2004-02-02,7840,8680,7560,8680,14142133,10.71
997,2004-02-03,8750,9410,8600,9110,15803998,4.95
998,2004-02-04,9020,9270,8020,8250,13978465,-9.44
999,2004-02-05,8000,8200,7500,7650,7963697,-7.27
1000,2004-02-06,7710,8040,7580,7660,5640365,0.13
1001,2004-02-09,7750,8040,7640,7760,5975537,1.31
1002,2004-02-10,7760,7980,7350,7410,5091024,-4.51
1003,2004-02-11,7600,7910,7520,7870,6136153,6.21
1004,2004-02-12,7910,7940,7510,7600,3307317,-3.43
1005,2004-02-13,7660,7840,7630,7800,3493414,2.63
1006,2004-02-16,7840,8240,7710,8100,7036094,3.85
1007,2004-02-17,8130,8320,7970,8050,4556343,-0.62
1008,2004-02-18,8180,8200,7610,7700,3936279,-4.35
1009,2004-02-19,7660,7760,7380,7400,3281692,-3.9
1010,2004-02-20,7320,7520,7240,7300,2326918,-1.35
1011,2004-02-23,7310,7430,7280,7340,1905945,0.55
1012,2004-02-24,7250,7300,7020,7050,2264567,-3.95
1013,2004-02-25,7020,7200,6870,6880,1980596,-2.41
1014,2004-02-26,7000,7280,6940,7120,3071070,3.49
1015,2004-02-27,7040,7220,7040,7080,1534844,-0.56
1016,2004-03-02,7180,7250,7060,7060,1918291,-0.28
1017,2004-03-03,7050,7300,7040,7300,2646596,3.4
1018,2004-03-04,7340,7460,7230,7380,2691976,1.1
1019,2004-03-05,7450,7770,7340,7510,6567669,1.76
1020,2004-03-08,7630,7780,7270,7300,3394038,-2.8
1021,2004-03-09,7240,7280,7060,7100,2098847,-2.74
1022,2004-03-10,7020,7170,6900,6900,1867791,-2.82
1023,2004-03-11,6800,6990,6770,6940,1669883,0.58
1024,2004-03-12,6920,6940,6110,6450,3406757,-7.06
1025,2004-03-15,6500,6800,6490,6560,2147179,1.71
1026,2004-03-16,6460,6710,6460,6550,1592589,-0.15
1027,2004-03-17,6630,6780,6610,6700,2517596,2.29
1028,2004-03-18,6780,7500,6730,7300,8978248,8.96
1029,2004-03-19,7200,7320,7070,7070,2806438,-3.15
1030,2004-03-22,7140,7370,7090,7190,3544772,1.7
1031,2004-03-23,7110,7270,6880,7100,2483682,-1.25
1032,2004-03-24,7090,7240,7040,7060,2103995,-0.56
1033,2004-03-25,7050,7110,6610,6620,2660404,-6.23
1034,2004-03-26,6810,6840,6660,6680,1563155,0.91
1035,2004-03-29,6720,6880,6720,6750,1643499,1.05
1036,2004-03-30,6800,6970,6750,6800,2229868,0.74
1037,2004-03-31,6950,7160,6880,6970,2970185,2.5
1038,2004-04-01,7120,7520,7070,7250,6623077,4.02
1039,2004-04-02,7340,7340,7170,7250,2584642,0.0
1040,2004-04-06,7460,7510,7300,7300,3202253,0.69
1041,2004-04-07,7320,7600,7320,7380,3762809,1.1
1042,2004-04-08,7550,7590,7380,7430,2039677,0.68
1043,2004-04-09,7400,7440,7060,7110,2428739,-4.31
1044,2004-04-12,7070,7230,7030,7060,1481389,-0.7
1045,2004-04-13,7150,7390,7080,7380,3322797,4.53
1046,2004-04-14,7360,7510,7190,7190,2846889,-2.57
1047,2004-04-16,7260,7260,6930,6960,1984155,-3.2
1048,2004-04-19,6920,7050,6850,7050,1357693,1.29
1049,2004-04-20,7070,7300,7020,7140,2282583,1.28
1050,2004-04-21,7100,7450,7050,7200,3789637,0.84
1051,2004-04-22,7300,7380,7110,7160,2257101,-0.56
1052,2004-04-23,7300,7810,7240,7580,7626170,5.87
1053,2004-04-26,7720,8050,7650,8050,6342798,6.2
1054,2004-04-27,8100,8220,7670,7780,3566135,-3.35
1055,2004-04-28,7780,7860,7340,7350,3047874,-5.53
1056,2004-04-29,7200,7260,6830,6860,2403792,-6.67
1057,2004-04-30,6700,6930,6670,6890,1661495,0.44
1058,2004-05-03,6830,6990,6830,6890,1553223,0.0
1059,2004-05-04,6950,7050,6910,6940,1849713,0.73
1060,2004-05-06,6940,7020,6210,6280,2284257,-9.51
1061,2004-05-07,6280,6400,5990,6400,1598561,1.91
1062,2004-05-10,6250,6340,5650,5740,1841904,-10.31
1063,2004-05-11,5620,5870,5500,5770,1603336,0.52
1064,2004-05-12,5870,6140,5860,5940,2261117,2.95
1065,2004-05-13,5820,5990,5700,5750,1211857,-3.2
1066,2004-05-14,5850,5990,5520,5580,1651486,-2.96
1067,2004-05-17,5480,5660,4925,4925,1823223,-11.74
1068,2004-05-18,4850,5220,4800,5130,2223414,4.16
1069,2004-05-19,5150,5570,5150,5360,2644830,4.48
1070,2004-05-20,5210,5280,4955,5010,1943250,-6.53
1071,2004-05-21,5120,5210,5050,5190,1262913,3.59
1072,2004-05-24,5320,5420,5260,5390,1416831,3.85
1073,2004-05-25,5310,5350,5140,5190,1147798,-3.71
1074,2004-05-27,5310,5530,5260,5260,2083371,1.35
1075,2004-05-28,5350,5390,5170,5230,1080693,-0.57
1076,2004-05-31,5260,5380,5210,5380,1390943,2.87
1077,2004-06-01,5350,5500,5350,5370,1529272,-0.19
1078,2004-06-02,5370,5470,5290,5340,1183125,-0.56
1079,2004-06-03,5450,5470,5050,5100,1573804,-4.49
1080,2004-06-04,5140,5180,5040,5150,908282,0.98
1081,2004-06-07,5200,5450,5200,5340,2017556,3.69
1082,2004-06-08,5410,5420,5200,5230,1202626,-2.06
1083,2004-06-09,5310,5460,5260,5290,1738890,1.15
1084,2004-06-10,5250,5390,5230,5390,1053476,1.89
1085,2004-06-11,5410,5510,5120,5130,1563431,-4.82
1086,2004-06-14,5100,5220,4840,4860,1126351,-5.26
1087,2004-06-15,4860,4935,4750,4895,830230,0.72
1088,2004-06-16,4870,5010,4775,4780,1036119,-2.35
1089,2004-06-17,4750,4810,4645,4645,965214,-2.82
1090,2004-06-18,4500,4630,4365,4400,942107,-5.27
1091,2004-06-21,4420,4490,4315,4315,820463,-1.93
1092,2004-06-22,4315,4460,4265,4440,1365046,2.9
1093,2004-06-23,4450,4480,4260,4260,911350,-4.05
1094,2004-06-24,4305,4380,4300,4350,645074,2.11
1095,2004-06-25,4450,4750,4450,4665,2351339,7.24
1096,2004-06-28,4700,4715,4565,4635,665561,-0.64
1097,2004-06-29,4660,4745,4620,4710,955272,1.62
1098,2004-06-30,4760,4840,4720,4730,1030613,0.42
1099,2004-07-01,4790,4815,4630,4640,793215,-1.9
1100,2004-07-02,4575,4590,4435,4440,700923,-4.31
1101,2004-07-05,4440,4515,4415,4500,539983,1.35
1102,2004-07-06,4450,4515,4440,4440,464968,-1.33
1103,2004-07-07,4270,4370,4260,4370,533029,-1.58
1104,2004-07-08,4310,4390,4280,4280,493430,-2.06
1105,2004-07-09,4250,4345,4250,4315,459934,0.82
1106,2004-07-12,4335,4365,4245,4255,472198,-1.39
1107,2004-07-13,4260,4470,4260,4395,1089752,3.29
1108,2004-07-14,4400,4645,4400,4465,1936404,1.59
1109,2004-07-15,4480,4540,4290,4315,723898,-3.36
1110,2004-07-16,4305,4335,4215,4305,625422,-0.23
1111,2004-07-19,4220,4325,4220,4290,512636,-0.35
1112,2004-07-20,4250,4395,4225,4225,577952,-1.52
1113,2004-07-21,4310,4320,4240,4250,494580,0.59
1114,2004-07-22,4200,4200,4075,4095,609616,-3.65
1115,2004-07-23,4080,4110,3990,3995,568689,-2.44
1116,2004-07-26,3910,3995,3905,3915,470122,-2.0
1117,2004-07-27,3910,3945,3785,3855,544487,-1.53
1118,2004-07-28,3920,3945,3760,3760,557371,-2.46
1119,2004-07-29,3700,3760,3480,3525,795859,-6.25
1120,2004-07-30,3600,3665,3480,3495,832945,-0.85
1121,2004-08-02,3510,3570,3350,3350,557194,-4.15
1122,2004-08-03,3355,3435,3260,3360,625446,0.3
1123,2004-08-04,3360,3760,3300,3760,2087424,11.9
1124,2004-08-05,4000,4210,3960,4210,1042171,11.97
1125,2004-08-06,4440,4670,4320,4500,8456652,6.89
1126,2004-08-09,4350,4700,4330,4700,5271230,4.44
1127,2004-08-10,4790,4995,4460,4460,5147415,-5.11
1128,2004-08-11,4460,4590,4170,4400,3227596,-1.35
1129,2004-08-12,4435,4890,4435,4730,7001159,7.5
1130,2004-08-13,4730,4770,4195,4270,4683838,-9.73
1131,2004-08-16,4275,4515,4250,4515,3374169,5.74
1132,2004-08-17,4580,4680,4265,4300,2908051,-4.76
1133,2004-08-18,4335,4530,4265,4530,2385770,5.35
1134,2004-08-19,4625,4920,4515,4575,5446973,0.99
1135,2004-08-20,4560,4715,4515,4670,3007143,2.08
1136,2004-08-23,4750,4780,4560,4560,1929602,-2.36
1137,2004-08-24,4610,4740,4515,4730,2101613,3.73
1138,2004-08-25,4735,5100,4705,5000,5746240,5.71
1139,2004-08-26,5050,5090,4875,4940,2187341,-1.2
1140,2004-08-27,4990,5180,4950,4950,3478447,0.2
1141,2004-08-30,4995,5040,4720,4720,1785852,-4.65
1142,2004-08-31,4710,4820,4705,4780,1364340,1.27
1143,2004-09-01,4790,5000,4780,4850,2494367,1.46
1144,2004-09-02,4850,4980,4775,4780,1549782,-1.44
1145,2004-09-03,4810,4870,4655,4655,1405069,-2.62
1146,2004-09-06,4680,4830,4680,4830,1205955,3.76
1147,2004-09-07,4850,4890,4580,4605,1264001,-4.66
1148,2004-09-08,4640,4680,4500,4520,1525684,-1.85
1149,2004-09-09,4520,4570,4505,4545,555737,0.55
1150,2004-09-10,4550,4660,4515,4550,1221754,0.11
1151,2004-09-13,4565,4725,4565,4660,1301217,2.42
1152,2004-09-14,4710,4735,4515,4570,1084799,-1.93
1153,2004-09-15,4580,4640,4545,4545,657312,-0.55
1154,2004-09-16,4510,4730,4510,4595,1535233,1.1
1155,2004-09-17,4600,4665,4530,4540,794984,-1.2
1156,2004-09-20,4550,4625,4510,4510,577220,-0.66
1157,2004-09-21,4540,4570,4460,4465,564191,-1.0
1158,2004-09-22,4480,4620,4440,4480,1202341,0.34
1159,2004-09-23,4460,4550,4295,4300,1132325,-4.02
1160,2004-09-24,4310,4380,4255,4290,582484,-0.23
1161,2004-09-30,4250,4400,4245,4350,957386,1.4
1162,2004-10-01,4760,4870,4700,4870,1472514,11.95
1163,2004-10-04,5090,5100,4810,4840,3924982,-0.62
1164,2004-10-05,4890,5070,4765,5030,3725672,3.93
1165,2004-10-06,5030,5180,4855,4870,3101985,-3.18
1166,2004-10-07,4865,4920,4675,4700,1444826,-3.49
1167,2004-10-08,4690,4780,4650,4675,1062464,-0.53
1168,2004-10-11,4630,4795,4630,4775,1564834,2.14
1169,2004-10-12,4770,4800,4530,4540,1278112,-4.92
1170,2004-10-13,4600,4630,4525,4530,762835,-0.22
1171,2004-10-14,4540,4630,4460,4460,921823,-1.55
1172,2004-10-15,4400,4450,4375,4395,671248,-1.46
1173,2004-10-18,4395,4440,4320,4320,600819,-1.71
1174,2004-10-19,4340,4425,4330,4355,678914,0.81
1175,2004-10-20,4305,4360,4230,4230,782883,-2.87
1176,2004-10-21,3820,4275,3820,4010,710766,-5.2
1177,2004-10-22,4030,4070,3980,4000,500193,-0.25
1178,2004-10-25,3890,3950,3810,3810,615482,-4.75
1179,2004-10-26,3820,3980,3820,3950,994953,3.67
1180,2004-10-27,3975,4030,3815,3815,662618,-3.42
1181,2004-10-28,3910,4010,3885,3970,852877,4.06
1182,2004-10-29,3870,3980,3870,3970,535192,0.0
1183,2004-11-01,3970,4180,3970,4105,1139203,3.4
1184,2004-11-02,4145,4160,4065,4110,594595,0.12
1185,2004-11-03,4170,4210,4100,4120,1030384,0.24
1186,2004-11-04,4120,4150,4000,4000,598106,-2.91
1187,2004-11-05,4060,4275,4060,4160,2294416,4.0
1188,2004-11-08,4180,4190,4000,4005,719368,-3.73
1189,2004-11-09,4060,4200,4040,4060,1231857,1.37
1190,2004-11-10,4150,4300,4130,4205,1852767,3.57
1191,2004-11-11,4205,4270,4150,4160,886525,-1.07
1192,2004-11-12,4260,4405,4230,4305,2120741,3.49
1193,2004-11-15,4380,4430,4220,4270,1438004,-0.81
1194,2004-11-16,4295,4295,4165,4170,845478,-2.34
1195,2004-11-17,4175,4225,4110,4130,848926,-0.96
1196,2004-11-18,4125,4255,4090,4090,1267985,-0.97
1197,2004-11-19,4130,4145,4075,4085,537983,-0.12
1198,2004-11-22,4090,4160,4070,4080,819548,-0.12
1199,2004-11-23,4105,4175,4095,4150,886497,1.72
1200,2004-11-24,4190,4370,4145,4250,2882190,2.41
1201,2004-11-25,4240,4300,4140,4200,1156526,-1.18
1202,2004-11-26,4200,4235,4000,4015,953116,-4.4
1203,2004-11-29,4015,4055,3995,4010,476271,-0.12
1204,2004-11-30,4010,4045,3975,3995,561040,-0.37
1205,2004-12-01,3960,4040,3960,3995,460072,0.0
1206,2004-12-02,4050,4470,4045,4470,3623888,11.89
1207,2004-12-03,4700,4905,4410,4490,6365229,0.45
1208,2004-12-06,4510,4560,4315,4360,1738952,-2.9
1209,2004-12-07,4400,4525,4330,4400,2163852,0.92
1210,2004-12-08,4250,4350,4230,4350,1587365,-1.14
1211,2004-12-09,4430,4500,4095,4140,2071602,-4.83
1212,2004-12-10,4160,4220,4020,4100,854643,-0.97
1213,2004-12-13,4100,4165,4030,4090,698492,-0.24
1214,2004-12-14,4095,4540,4095,4270,3643957,4.4
1215,2004-12-15,4215,4320,4140,4220,1285271,-1.17
1216,2004-12-16,4290,4320,4205,4225,952064,0.12
1217,2004-12-17,4195,4275,4150,4180,835972,-1.07
1218,2004-12-20,4200,4535,4190,4450,2655342,6.46
1219,2004-12-21,4450,4500,4275,4500,1428247,1.12
1220,2004-12-22,4515,4920,4440,4460,4727443,-0.89
1221,2004-12-23,4490,4745,4420,4600,3908513,3.14
1222,2004-12-24,4760,5150,4535,4610,9363779,0.22
1223,2004-12-27,4700,5160,4620,5160,7494746,11.93
1224,2004-12-28,5230,5770,4760,4900,17565511,-5.04
1225,2004-12-29,5050,5140,4815,4950,5720628,1.02
1226,2004-12-30,4955,5250,4920,5130,5609668,3.64
1227,2005-01-03,5260,5610,5260,5590,6978272,8.97
1228,2005-01-04,5590,5600,5260,5360,5577287,-4.11
1229,2005-01-05,5260,5480,5190,5270,3540883,-1.68
1230,2005-01-06,5300,5580,4900,5120,6496864,-2.85
1231,2005-01-07,5120,5290,4920,5030,2292183,-1.76
1232,2005-01-10,5100,5470,5100,5350,5179879,6.36
1233,2005-01-11,5380,5550,5230,5260,2771469,-1.68
1234,2005-01-12,5270,5380,5170,5320,2035492,1.14
1235,2005-01-13,5390,5670,5340,5430,7176566,2.07
1236,2005-01-14,5360,5450,5230,5280,2076059,-2.76
1237,2005-01-17,5330,5500,5320,5370,2378817,1.7
1238,2005-01-18,5400,5750,5380,5500,5061640,2.42
1239,2005-01-19,5630,6040,5560,5770,6290701,4.91
1240,2005-01-20,5810,5840,5390,5400,3588320,-6.41
1241,2005-01-21,5410,5560,5320,5500,2092497,1.85
1242,2005-01-24,5540,5740,5420,5510,2831062,0.18
1243,2005-01-25,5470,5510,5270,5320,2182678,-3.45
1244,2005-01-26,5430,5950,5400,5950,6176945,11.84
1245,2005-01-27,6660,6660,5850,6080,13615677,2.18
1246,2005-01-28,6100,6190,5860,6150,3378911,1.15
1247,2005-01-31,6380,6880,6350,6700,14028598,8.94
1248,2005-02-01,6610,6740,6360,6540,3801042,-2.39
1249,2005-02-02,6590,6610,6040,6100,3377743,-6.73
1250,2005-02-03,5950,6200,5740,5750,2985061,-5.74
1251,2005-02-04,5790,5930,5730,5750,2260638,0.0
1252,2005-02-07,5830,6060,5830,6040,2700828,5.04
1253,2005-02-11,5930,6140,5870,5980,2420828,-0.99
1254,2005-02-14,6120,6280,6050,6150,2876949,2.84
1255,2005-02-15,6200,6530,6120,6250,4209984,1.63
1256,2005-02-16,6340,6380,5960,6110,2490321,-2.24
1257,2005-02-17,6130,6280,6050,6050,2264830,-0.98
1258,2005-02-18,6000,6180,5980,6060,1798761,0.17
1259,2005-02-21,6110,6220,6020,6030,2168016,-0.5
1260,2005-02-22,6030,6150,5600,5740,2547910,-4.81
1261,2005-02-23,5690,5730,5470,5530,1569793,-3.66
1262,2005-02-24,5560,5750,5560,5660,1682980,2.35
1263,2005-02-25,5900,6330,5810,5900,9832967,4.24
1264,2005-02-28,6000,6090,5790,5850,1973245,-0.85
1265,2005-03-02,5990,6110,5820,5930,1839854,1.37
1266,2005-03-03,5900,6070,5780,5880,1638743,-0.84
1267,2005-03-04,5850,5970,5810,5810,1520098,-1.19
1268,2005-03-07,5860,5930,5620,5640,1531659,-2.93
1269,2005-03-08,5660,5900,5500,5690,2282028,0.89
1270,2005-03-09,5470,5620,5390,5540,2159568,-2.64
1271,2005-03-10,5450,5630,5430,5480,1470417,-1.08
1272,2005-03-11,5530,5580,5460,5500,1420917,0.36
1273,2005-03-14,5520,5650,5480,5600,1764552,1.82
1274,2005-03-15,5610,5750,5380,5380,3187098,-3.93
1275,2005-03-16,5400,5480,5190,5250,1402707,-2.42
1276,2005-03-17,5160,5210,4960,5020,1579612,-4.38
1277,2005-03-18,5000,5090,4820,4830,1335473,-3.78
1278,2005-03-21,4770,4865,4670,4710,1024968,-2.48
1279,2005-03-22,4710,4850,4705,4780,1386891,1.49
1280,2005-03-23,4750,5020,4730,4790,2320474,0.21
1281,2005-03-24,4870,4900,4595,4620,1063057,-3.55
1282,2005-03-25,4650,4980,4650,4885,3308758,5.74
1283,2005-03-28,4885,4990,4815,4960,1817928,1.54
1284,2005-03-29,5280,5340,4985,4995,2931861,0.71
1285,2005-03-30,4925,4975,4835,4900,1154551,-1.9
1286,2005-03-31,4950,4990,4755,4755,1086857,-2.96
1287,2005-04-01,4700,4800,4595,4655,1414642,-2.1
1288,2005-04-04,4655,4710,4615,4620,821698,-0.75
1289,2005-04-06,4600,4695,4575,4635,1062238,0.32
1290,2005-04-07,4645,4690,4620,4620,741923,-0.32
1291,2005-04-08,4640,4775,4625,4630,1461005,0.22
1292,2005-04-11,4610,4645,4550,4550,803660,-1.73
1293,2005-04-12,4550,4595,4510,4510,917611,-0.88
1294,2005-04-13,4515,4550,4335,4345,1007208,-3.66
1295,2005-04-14,4310,4320,4205,4240,658292,-2.42
1296,2005-04-15,4130,4180,4105,4115,757660,-2.95
1297,2005-04-18,4000,4065,3880,4005,943747,-2.67
1298,2005-04-19,4070,4175,4070,4100,948571,2.37
1299,2005-04-20,4150,4200,4060,4060,900763,-0.98
1300,2005-04-21,4000,4020,3915,3970,755555,-2.22
1301,2005-04-22,4100,4295,4060,4120,1903725,3.78
1302,2005-04-25,4070,4145,4040,4100,582404,-0.49
1303,2005-04-26,4140,4205,4060,4100,886010,0.0
1304,2005-04-27,4020,4075,3965,4050,552625,-1.22
1305,2005-04-28,4065,4150,3990,4010,687972,-0.99
1306,2005-04-29,3950,3990,3920,3960,457139,-1.25
1307,2005-05-02,4030,4040,3960,3970,423920,0.25
1308,2005-05-03,3965,4020,3895,3905,572443,-1.64
1309,2005-05-04,3900,4190,3900,4100,1781161,4.99
1310,2005-05-06,4100,4150,4035,4055,629134,-1.1
1311,2005-05-09,4080,4140,4025,4140,570104,2.1
1312,2005-05-10,4250,4700,4190,4385,4535041,5.92
1313,2005-05-11,4350,4445,4205,4205,1010611,-4.1
1314,2005-05-12,4270,4330,4195,4200,811419,-0.12
1315,2005-05-13,4150,4290,4140,4240,798751,0.95
1316,2005-05-16,4245,4305,4180,4180,833959,-1.42
1317,2005-05-17,4215,4255,4155,4155,736212,-0.6
1318,2005-05-18,4175,4340,4170,4300,1320531,3.49
1319,2005-05-19,4360,4440,4300,4300,810110,0.0
1320,2005-05-20,4400,4440,4250,4255,548187,-1.05
1321,2005-05-23,4280,4680,4240,4565,2715744,7.29
1322,2005-05-24,4565,4565,4390,4400,1263612,-3.61
1323,2005-05-25,4470,4625,4430,4500,1964767,2.27
1324,2005-05-26,4530,4670,4520,4605,1848270,2.33
1325,2005-05-27,4670,4690,4490,4500,1208402,-2.28
1326,2005-05-30,4530,4770,4530,4610,2521996,2.44
1327,2005-05-31,4615,4770,4555,4590,1938288,-0.43
1328,2005-06-01,4585,4700,4485,4500,1069946,-1.96
1329,2005-06-02,4550,4710,4550,4585,1583427,1.89
1330,2005-06-03,4600,4640,4520,4590,924388,0.11
1331,2005-06-07,4720,4870,4630,4755,3435252,3.59
1332,2005-06-08,4760,4795,4680,4795,1329274,0.84
1333,2005-06-09,4835,4955,4745,4750,1938473,-0.94
1334,2005-06-10,4755,4780,4625,4640,1008236,-2.32
1335,2005-06-13,4650,4715,4620,4645,558370,0.11
1336,2005-06-14,4620,4820,4620,4645,2083686,0.0
1337,2005-06-15,4640,5120,4640,4805,7260900,3.44
1338,2005-06-16,4850,4915,4745,4830,2193987,0.52
1339,2005-06-17,4860,4980,4770,4815,1734918,-0.31
1340,2005-06-20,4815,4850,4760,4815,803950,0.0
1341,2005-06-21,4800,4865,4780,4780,832467,-0.73
1342,2005-06-22,4750,4810,4730,4790,754336,0.21
1343,2005-06-23,4840,4910,4800,4810,934369,0.42
1344,2005-06-24,4755,4785,4680,4680,673159,-2.7
1345,2005-06-27,4660,4740,4600,4620,504154,-1.28
1346,2005-06-28,4660,4680,4605,4605,630069,-0.32
1347,2005-06-29,4620,4665,4550,4550,884020,-1.19
1348,2005-06-30,4550,4550,4550,4550,0,0.0
1349,2005-07-01,4550,4550,4550,4550,0,0.0
1350,2005-07-04,4550,4550,4550,4550,0,0.0
1351,2005-07-05,4550,4550,4550,4550,0,0.0
1352,2005-07-06,4550,4550,4550,4550,0,0.0
1353,2005-07-07,4550,4550,4550,4550,0,0.0
1354,2005-07-08,4550,4550,4550,4550,0,0.0
1355,2005-07-11,4550,4550,4550,4550,0,0.0
1356,2005-07-12,4550,4550,4550,4550,0,0.0
1357,2005-07-13,4550,4550,4550,4550,0,0.0
1358,2005-07-14,4550,4550,4550,4550,0,0.0
1359,2005-07-15,4550,4550,4550,4550,0,0.0
1360,2005-07-18,4550,4550,4550,4550,0,0.0
1361,2005-07-19,4550,4550,4550,4550,0,0.0
1362,2005-07-20,4550,4550,4550,4550,0,0.0
1363,2005-07-21,4550,4550,4550,4550,0,0.0
1364,2005-07-22,4550,4550,4550,4550,0,0.0
1365,2005-07-25,5230,5230,5230,5230,211318,14.95
1366,2005-07-26,5550,6010,5550,6010,3892025,14.91
1367,2005-07-27,6300,6300,5810,5950,2425119,-1.0
1368,2005-07-28,6110,6110,5760,5850,1292276,-1.68
1369,2005-07-29,5870,6130,5790,5860,2393637,0.17
1370,2005-08-01,5820,5890,5700,5720,756805,-2.39
1371,2005-08-02,5680,5760,5460,5460,1091930,-4.55
1372,2005-08-03,5490,5610,5280,5340,894381,-2.2
1373,2005-08-04,5360,5410,5100,5110,791737,-4.31
1374,2005-08-05,5030,5090,4790,4855,816726,-4.99
1375,2005-08-08,4900,5060,4890,4920,905359,1.34
1376,2005-08-09,4830,4970,4830,4945,480495,0.51
1377,2005-08-10,4955,5080,4900,4900,707606,-0.91
1378,2005-08-11,4870,5090,4870,5050,909848,3.06
1379,2005-08-12,5100,5230,5040,5050,1415306,0.0
1380,2005-08-16,5080,5140,4885,4900,627824,-2.97
1381,2005-08-17,4850,4930,4845,4855,469426,-0.92
1382,2005-08-18,4935,4935,4750,4750,405549,-2.16
1383,2005-08-19,4750,4790,4610,4650,395146,-2.11
1384,2005-08-22,4675,4825,4675,4780,500192,2.8
1385,2005-08-23,4790,4815,4730,4790,290100,0.21
1386,2005-08-24,4780,4830,4700,4700,309838,-1.88
1387,2005-08-25,4655,4715,4640,4710,244979,0.21
1388,2005-08-26,4700,4735,4560,4560,328894,-3.18
1389,2005-08-29,4500,4550,4330,4350,459565,-4.61
1390,2005-08-30,4400,4435,4310,4310,306826,-0.92
1391,2005-08-31,4250,4435,4250,4325,383574,0.35
1392,2005-09-01,4360,4515,4360,4450,423138,2.89
1393,2005-09-02,4440,4500,4415,4485,227549,0.79
1394,2005-09-05,4510,4545,4475,4500,245259,0.33
1395,2005-09-06,4505,4585,4500,4505,259731,0.11
1396,2005-09-07,4560,4570,4500,4530,267958,0.55
1397,2005-09-08,4560,4560,4475,4500,232022,-0.66
1398,2005-09-09,4500,4620,4470,4595,380306,2.11
1399,2005-09-12,4610,4695,4600,4600,369468,0.11
1400,2005-09-13,4570,4660,4485,4500,306967,-2.17
1401,2005-09-14,4435,4570,4435,4510,170988,0.22
1402,2005-09-15,4500,4850,4500,4705,1067823,4.32
1403,2005-09-16,4700,4890,4630,4810,628080,2.23
1404,2005-09-20,4900,4960,4760,4760,456103,-1.04
1405,2005-09-21,4715,4770,4680,4680,323706,-1.68
1406,2005-09-22,4650,4770,4640,4645,355820,-0.75
1407,2005-09-23,4680,4760,4630,4630,366147,-0.32
1408,2005-09-26,4615,4680,4600,4640,322060,0.22
1409,2005-09-27,4640,4925,4640,4805,848139,3.56
1410,2005-09-28,4805,4915,4755,4770,421047,-0.73
1411,2005-09-29,4860,5190,4820,4850,1462475,1.68
1412,2005-09-30,4900,4925,4770,4800,474312,-1.03
1413,2005-10-04,4810,4980,4810,4920,556469,2.5
1414,2005-10-05,4910,5210,4890,5110,1164844,3.86
1415,2005-10-06,5050,5250,4965,5120,840489,0.2
1416,2005-10-07,5130,5360,5080,5150,1105475,0.59
1417,2005-10-10,5120,5240,5120,5150,553443,0.0
1418,2005-10-11,5350,5920,5320,5510,3521568,6.99
1419,2005-10-12,5560,5580,5220,5350,1055144,-2.9
1420,2005-10-13,5350,5430,5180,5220,589519,-2.43
1421,2005-10-14,5300,5350,5070,5090,810412,-2.49
1422,2005-10-17,5090,5140,4990,5030,504670,-1.18
1423,2005-10-18,5090,5140,5020,5040,527078,0.2
1424,2005-10-19,4925,5000,4760,4850,538555,-3.77
1425,2005-10-20,4950,4990,4820,4830,356704,-0.41
1426,2005-10-21,4750,4860,4720,4820,362849,-0.21
1427,2005-10-24,4890,5160,4885,5100,802178,5.81
1428,2005-10-25,5120,5260,4965,4965,580359,-2.65
1429,2005-10-26,4970,5050,4905,4930,388740,-0.7
1430,2005-10-27,4880,4930,4710,4710,497163,-4.46
1431,2005-10-28,4630,4710,4460,4535,540039,-3.72
1432,2005-10-31,4635,4635,4555,4575,342931,0.88
1433,2005-11-01,4570,4650,4570,4600,428876,0.55
1434,2005-11-02,4645,4750,4610,4720,438312,2.61
1435,2005-11-03,4730,4760,4665,4700,319091,-0.42
1436,2005-11-04,4725,4830,4685,4755,413579,1.17
1437,2005-11-07,4910,5190,4900,4900,1120981,3.05
1438,2005-11-08,4905,4960,4800,4830,429485,-1.43
1439,2005-11-09,4800,4870,4780,4820,502997,-0.21
1440,2005-11-10,4800,4950,4800,4900,436409,1.66
1441,2005-11-11,4920,5020,4920,4930,651791,0.61
1442,2005-11-14,4930,5060,4890,4910,618051,-0.41
1443,2005-11-15,4915,4985,4790,4800,442902,-2.24
1444,2005-11-16,4810,4860,4800,4840,391385,0.83
1445,2005-11-17,4840,4980,4810,4925,875856,1.76
1446,2005-11-18,4955,5060,4880,4910,712512,-0.3
1447,2005-11-21,4950,4980,4860,4860,491021,-1.02
1448,2005-11-22,4870,4890,4730,4765,500223,-1.95
1449,2005-11-23,4790,4900,4790,4870,475613,2.2
1450,2005-11-24,4870,5280,4870,5130,2347600,5.34
1451,2005-11-25,5100,5130,4985,4990,939461,-2.73
1452,2005-11-28,5090,5410,5030,5160,2053769,3.41
1453,2005-11-29,5100,5200,4990,5040,1047204,-2.33
1454,2005-11-30,5060,5220,5060,5120,889876,1.59
1455,2005-12-01,5080,5470,5080,5330,2646405,4.1
1456,2005-12-02,5530,6070,5450,5760,5890871,8.07
1457,2005-12-05,5900,6180,5730,5810,2316454,0.87
1458,2005-12-06,5890,6050,5710,5800,2358051,-0.17
1459,2005-12-07,5820,5860,5390,5410,1531237,-6.72
1460,2005-12-08,5350,5510,5230,5370,945548,-0.74
1461,2005-12-09,5420,5520,5340,5340,792772,-0.56
1462,2005-12-12,5300,5480,5300,5410,837474,1.31
1463,2005-12-13,5410,5680,5410,5620,1532753,3.88
1464,2005-12-14,5650,5680,5440,5500,929327,-2.14
1465,2005-12-15,5520,5560,5340,5400,609850,-1.82
1466,2005-12-16,5220,5280,5050,5140,864953,-4.81
1467,2005-12-19,5060,5230,5060,5200,550531,1.17
1468,2005-12-20,5160,5220,5080,5140,692073,-1.15
1469,2005-12-21,5110,5290,5110,5200,538735,1.17
1470,2005-12-22,5280,5590,5160,5450,2213236,4.81
1471,2005-12-23,5470,5500,5230,5300,1249290,-2.75
1472,2005-12-26,5460,5580,5360,5400,1428668,1.89
1473,2005-12-27,5410,5440,5120,5200,855743,-3.7
1474,2005-12-28,5150,5300,5130,5200,653926,0.0
1475,2005-12-29,5220,5300,5120,5170,832561,-0.58
1476,2006-01-02,5300,5660,5270,5630,2324425,8.9
1477,2006-01-03,5620,5630,5380,5500,1155434,-2.31
1478,2006-01-04,5580,5870,5490,5500,2780132,0.0
1479,2006-01-05,5500,5670,5380,5520,1241335,0.36
1480,2006-01-06,5560,5780,5540,5600,1307347,1.45
1481,2006-01-09,5640,5940,5640,5740,2276963,2.5
1482,2006-01-10,5770,5830,5480,5480,1207692,-4.53
1483,2006-01-11,5530,5550,5400,5490,803059,0.18
1484,2006-01-12,5470,5520,5330,5350,749440,-2.55
1485,2006-01-13,5290,5410,5280,5400,679462,0.93
1486,2006-01-16,5390,5450,5240,5260,918442,-2.59
1487,2006-01-17,5250,5380,5200,5220,1006036,-0.76
1488,2006-01-18,5190,5240,4780,4920,998018,-5.75
1489,2006-01-19,4930,4990,4815,4845,686332,-1.52
1490,2006-01-20,4855,4980,4500,4500,1029610,-7.12
1491,2006-01-23,4250,4385,3995,3995,888634,-11.22
1492,2006-01-24,4045,4160,3790,4150,591334,3.88
1493,2006-01-25,4120,4420,4120,4260,876076,2.65
1494,2006-01-26,4260,4310,4150,4300,322998,0.94
1495,2006-01-27,4380,4510,4370,4470,415439,3.95
1496,2006-01-31,4470,4585,4290,4500,452528,0.67
1497,2006-02-01,4420,4480,4120,4255,502957,-5.44
1498,2006-02-02,4360,4475,4255,4430,451215,4.11
1499,2006-02-03,4300,4350,4230,4300,222953,-2.93
1500,2006-02-06,4210,4320,4180,4300,210483,0.0
1501,2006-02-07,4270,4370,4265,4345,265041,1.05
1502,2006-02-08,4320,4425,4255,4290,260579,-1.27
1503,2006-02-09,4340,4395,4290,4350,340946,1.4
1504,2006-02-10,4360,4385,4285,4385,256207,0.8
1505,2006-02-13,4400,4430,4300,4300,225667,-1.94
1506,2006-02-14,4240,4310,4205,4300,208343,0.0
1507,2006-02-15,4310,4380,4200,4215,279014,-1.98
1508,2006-02-16,4200,4270,4150,4150,227120,-1.54
1509,2006-02-17,4180,4250,4180,4205,270278,1.33
1510,2006-02-20,4190,4275,4190,4240,206425,0.83
1511,2006-02-21,4220,4370,4220,4330,302053,2.12
1512,2006-02-22,4330,4435,4255,4280,245479,-1.15
1513,2006-02-23,4330,4440,4315,4420,347025,3.27
1514,2006-02-24,4470,4725,4465,4525,931112,2.38
1515,2006-02-27,4580,4580,4470,4560,296708,0.77
1516,2006-02-28,4570,4695,4515,4515,348823,-0.99
1517,2006-03-02,4500,4635,4420,4425,226921,-1.99
1518,2006-03-03,4425,4455,4300,4320,233081,-2.37
1519,2006-03-06,4320,4395,4305,4350,178924,0.69
1520,2006-03-07,4330,4365,4255,4300,204710,-1.15
1521,2006-03-08,4300,4580,4260,4580,421839,6.51
1522,2006-03-09,4500,4530,4445,4500,267379,-1.75
1523,2006-03-10,4460,4615,4445,4600,330621,2.22
1524,2006-03-13,4630,4700,4570,4600,268823,0.0
1525,2006-03-14,4610,4720,4585,4680,311949,1.74
1526,2006-03-15,4715,4750,4585,4625,321713,-1.18
1527,2006-03-16,4590,4680,4450,4500,175729,-2.7
1528,2006-03-17,4480,4535,4425,4460,156635,-0.89
1529,2006-03-20,4500,4520,4455,4480,112742,0.45
1530,2006-03-21,4500,4560,4470,4470,167265,-0.22
1531,2006-03-22,4420,4470,4330,4400,215201,-1.57
1532,2006-03-23,4405,4480,4335,4410,114836,0.23
1533,2006-03-24,4410,4480,4340,4480,162876,1.59
1534,2006-03-27,4455,4565,4455,4530,174790,1.12
1535,2006-03-28,4530,4570,4455,4470,120100,-1.32
1536,2006-03-29,4450,4500,4370,4445,125442,-0.56
1537,2006-03-30,4450,4540,4450,4485,171002,0.9
1538,2006-03-31,4455,4585,4455,4555,161971,1.56
1539,2006-04-03,4555,4615,4555,4600,212704,0.99
1540,2006-04-04,4670,4710,4570,4685,256244,1.85
1541,2006-04-05,4720,4765,4660,4725,263058,0.85
1542,2006-04-06,4750,5080,4710,4900,743942,3.7
1543,2006-04-07,4900,4930,4830,4890,200595,-0.2
1544,2006-04-10,4900,4990,4840,4850,340319,-0.82
1545,2006-04-11,4780,4825,4695,4725,353909,-2.58
1546,2006-04-12,4700,4775,4700,4700,163146,-0.53
1547,2006-04-13,4750,4780,4700,4730,249977,0.64
1548,2006-04-14,4780,4920,4755,4850,234696,2.54
1549,2006-04-17,4895,4980,4855,4930,334905,1.65
1550,2006-04-18,4950,4950,4850,4890,162572,-0.81
1551,2006-04-19,4955,5030,4800,4800,315187,-1.84
1552,2006-04-20,4800,4830,4670,4680,184125,-2.5
1553,2006-04-21,4690,4780,4690,4730,202661,1.07
1554,2006-04-24,4695,4775,4580,4630,212889,-2.11
1555,2006-04-25,4600,4640,4480,4520,278164,-2.38
1556,2006-04-26,4490,4570,4490,4515,150749,-0.11
1557,2006-04-27,4530,4580,4470,4480,210682,-0.78
1558,2006-04-28,4475,4525,4320,4400,251089,-1.79
1559,2006-05-02,4450,4455,4360,4390,92926,-0.23
1560,2006-05-03,4400,4455,4375,4375,101115,-0.34
1561,2006-05-04,4375,4455,4345,4455,151874,1.83
1562,2006-05-08,4475,4495,4380,4400,103990,-1.23
1563,2006-05-09,4400,4500,4350,4400,175707,0.0
1564,2006-05-10,4365,4400,4270,4280,265190,-2.73
1565,2006-05-11,4265,4325,4250,4300,98973,0.47
1566,2006-05-12,4275,4550,4180,4435,448939,3.14
1567,2006-05-15,4470,4770,4455,4590,1037688,3.49
1568,2006-05-16,4590,4590,4370,4370,300584,-4.79
1569,2006-05-17,4370,4530,4370,4370,332915,0.0
1570,2006-05-18,4250,4340,4200,4200,275098,-3.89
1571,2006-05-19,4170,4315,4130,4250,158919,1.19
1572,2006-05-22,4265,4300,4170,4200,158706,-1.18
1573,2006-05-23,4160,4240,4160,4235,147836,0.83
1574,2006-05-24,4210,4300,4200,4300,132621,1.53
1575,2006-05-25,4300,4375,4230,4230,122666,-1.63
1576,2006-05-26,4265,4510,4265,4345,180590,2.72
1577,2006-05-29,4360,4430,4325,4410,99094,1.5
1578,2006-05-30,4395,4450,4305,4380,93799,-0.68
1579,2006-06-01,4335,4370,4260,4300,98536,-1.83
1580,2006-06-02,4370,4390,4210,4315,112544,0.35
1581,2006-06-05,4290,4335,4125,4125,106203,-4.4
1582,2006-06-07,4010,4115,4005,4080,125317,-1.09
1583,2006-06-08,4050,4300,3925,3925,374947,-3.8
1584,2006-06-09,3985,4055,3965,4030,127033,2.68
1585,2006-06-12,4040,4050,3980,4030,123858,0.0
1586,2006-06-13,3960,3980,3915,3935,117139,-2.36
1587,2006-06-14,3905,3970,3865,3945,77884,0.25
1588,2006-06-15,3970,4015,3910,3935,95363,-0.25
1589,2006-06-16,4030,4095,3990,4030,139229,2.41
1590,2006-06-19,4020,4060,3975,4000,87237,-0.74
1591,2006-06-20,3980,4045,3930,3985,89366,-0.38
1592,2006-06-21,3960,4000,3910,3995,86418,0.25
1593,2006-06-22,4080,4080,3970,4000,81085,0.13
1594,2006-06-23,3965,3990,3910,3910,56098,-2.25
1595,2006-06-26,3960,3960,3870,3900,81577,-0.26
1596,2006-06-27,3910,3990,3910,3945,95868,1.15
1597,2006-06-28,3840,3895,3840,3860,89747,-2.15
1598,2006-06-29,3940,3965,3895,3920,101896,1.55
1599,2006-06-30,4000,4050,3960,3990,79314,1.79
1600,2006-07-03,4000,4010,3945,3980,59397,-0.25
1601,2006-07-04,4000,4160,4000,4040,189119,1.51
1602,2006-07-05,3970,4155,3930,4000,216208,-0.99
1603,2006-07-06,4035,4055,3955,3965,70914,-0.88
1604,2006-07-07,3980,4005,3930,3940,78302,-0.63
1605,2006-07-10,3900,3975,3890,3975,58314,0.89
1606,2006-07-11,3930,3990,3930,3975,57872,0.0
1607,2006-07-12,3975,4020,3970,3990,55536,0.38
1608,2006-07-13,4000,4075,3915,3990,90624,0.0
1609,2006-07-14,3910,3960,3840,3870,94072,-3.01
1610,2006-07-18,3870,3910,3780,3780,75797,-2.33
1611,2006-07-19,3770,3810,3765,3790,47688,0.26
1612,2006-07-20,3840,3930,3830,3870,68409,2.11
1613,2006-07-21,3830,3880,3820,3860,32547,-0.26
1614,2006-07-24,3800,3890,3800,3815,47877,-1.17
1615,2006-07-25,3860,3885,3830,3830,45702,0.39
1616,2006-07-26,3830,4075,3820,3905,160479,1.96
1617,2006-07-27,3920,4035,3920,3920,141027,0.38
1618,2006-07-28,3950,3965,3920,3945,53102,0.64
1619,2006-07-31,4010,4010,3920,3970,52336,0.63
1620,2006-08-01,3970,4000,3890,3920,43456,-1.26
1621,2006-08-02,3900,3940,3870,3910,34507,-0.26
1622,2006-08-03,3950,4000,3910,3915,61362,0.13
1623,2006-08-04,3930,3980,3930,3960,20819,1.15
1624,2006-08-07,3950,4000,3915,3920,73962,-1.01
1625,2006-08-08,3905,3950,3880,3900,62893,-0.51
1626,2006-08-09,3900,3910,3840,3890,108449,-0.26
1627,2006-08-10,3890,4020,3880,3915,145545,0.64
1628,2006-08-11,3925,4390,3925,4050,813979,3.45
1629,2006-08-14,4095,4095,3910,3930,175418,-2.96
1630,2006-08-16,3980,4005,3915,3950,135555,0.51
1631,2006-08-17,4010,4055,3985,4000,140068,1.27
1632,2006-08-18,4040,4040,3950,3955,134283,-1.12
1633,2006-08-21,3960,4035,3950,4020,112449,1.64
1634,2006-08-22,4030,4275,4030,4200,418834,4.48
1635,2006-08-23,4200,4210,4075,4180,122255,-0.48
1636,2006-08-24,4140,4145,4050,4130,100149,-1.2
1637,2006-08-25,4100,4165,4090,4100,120404,-0.73
1638,2006-08-28,4125,4235,4125,4210,156338,2.68
1639,2006-08-29,4220,4235,4170,4200,113247,-0.24
1640,2006-08-30,4290,4350,4230,4230,149757,0.71
1641,2006-08-31,4290,4320,4200,4230,139230,0.0
1642,2006-09-01,4230,4270,4180,4230,105744,0.0
1643,2006-09-04,4255,4290,4210,4290,85677,1.42
1644,2006-09-05,4350,4365,4280,4310,103959,0.47
1645,2006-09-06,4365,4365,4215,4215,119678,-2.2
1646,2006-09-07,4200,4210,4135,4200,107295,-0.36
1647,2006-09-08,4180,4230,4155,4220,86111,0.48
1648,2006-09-11,4250,4250,4155,4155,46069,-1.54
1649,2006-09-12,4165,4205,4125,4125,59303,-0.72
1650,2006-09-13,4170,4200,4150,4165,72955,0.97
1651,2006-09-14,4155,4190,4115,4150,87066,-0.36
1652,2006-09-15,4145,4185,4135,4180,63964,0.72
1653,2006-09-18,4195,4680,4170,4500,944081,7.66
1654,2006-09-19,4550,4550,4420,4520,187838,0.44
1655,2006-09-20,4520,4520,4405,4405,142884,-2.54
1656,2006-09-21,4470,4555,4395,4395,137463,-0.23
1657,2006-09-22,4400,4430,4270,4285,122631,-2.5
1658,2006-09-25,4280,4345,4260,4285,120662,0.0
1659,2006-09-26,4310,4345,4180,4180,115780,-2.45
1660,2006-09-27,4250,4250,4195,4200,61654,0.48
1661,2006-09-28,4220,4300,4200,4220,104544,0.48
1662,2006-09-29,4230,4295,4210,4275,108977,1.3
1663,2006-10-02,4260,4285,4205,4230,91115,-1.05
1664,2006-10-04,4205,4265,4130,4130,67390,-2.36
1665,2006-10-09,4135,4230,3515,3600,519764,-12.83
1666,2006-10-10,3600,3750,3600,3700,151612,2.78
1667,2006-10-11,3700,3790,3625,3720,107243,0.54
1668,2006-10-12,3725,3860,3725,3820,123151,2.69
1669,2006-10-13,3885,3950,3840,3850,111693,0.79
1670,2006-10-16,3890,3925,3850,3880,62881,0.78
1671,2006-10-17,3930,3930,3720,3815,194446,-1.68
1672,2006-10-18,3820,3860,3765,3830,83290,0.39
1673,2006-10-19,3830,3895,3795,3795,119983,-0.91
1674,2006-10-20,3810,3990,3800,3940,202965,3.82
1675,2006-10-23,3990,4015,3900,3980,109324,1.02
1676,2006-10-24,4010,4040,3925,3950,72144,-0.75
1677,2006-10-25,3980,3980,3875,3910,114416,-1.01
1678,2006-10-26,3930,3940,3825,3855,131046,-1.41
1679,2006-10-27,3865,3885,3810,3855,61582,0.0
1680,2006-10-30,3830,3940,3810,3845,81759,-0.26
1681,2006-10-31,3855,3940,3855,3935,93945,2.34
1682,2006-11-01,3980,3980,3925,3945,58537,0.25
1683,2006-11-02,3940,3940,3890,3910,62545,-0.89
1684,2006-11-03,3940,4250,3925,4140,533241,5.88
1685,2006-11-06,4130,4140,4010,4075,111060,-1.57
1686,2006-11-07,4110,4140,4045,4085,129238,0.25
1687,2006-11-08,4060,4290,4025,4090,248353,0.12
1688,2006-11-09,4090,4165,4085,4120,68568,0.73
1689,2006-11-10,4095,4120,4065,4070,56911,-1.21
1690,2006-11-13,4075,4300,4050,4295,240138,5.53
1691,2006-11-14,4360,4370,4220,4265,258585,-0.7
1692,2006-11-15,4300,4320,4160,4170,197384,-2.23
1693,2006-11-16,4170,4230,4105,4105,105062,-1.56
1694,2006-11-17,4110,4150,4085,4105,85856,0.0
1695,2006-11-20,4100,4185,4100,4130,92877,0.61
1696,2006-11-21,4150,4200,4130,4150,95908,0.48
1697,2006-11-22,4180,4245,4150,4150,131304,0.0
1698,2006-11-23,4180,4195,4080,4130,121659,-0.48
1699,2006-11-24,4110,4320,4095,4265,375873,3.27
1700,2006-11-27,4310,4350,4195,4250,188220,-0.35
1701,2006-11-28,4240,4240,4130,4150,224024,-2.35
1702,2006-11-29,4150,4220,4145,4145,179165,-0.12
1703,2006-11-30,4160,4260,4155,4240,181592,2.29
1704,2006-12-01,4245,4245,4170,4230,126523,-0.24
1705,2006-12-04,4230,4300,4180,4210,173156,-0.47
1706,2006-12-05,4230,4370,4215,4260,289368,1.19
1707,2006-12-06,4290,4305,4170,4225,179478,-0.82
1708,2006-12-07,4250,4765,4220,4400,1699210,4.14
1709,2006-12-08,4360,4415,4290,4350,375088,-1.14
1710,2006-12-11,4390,4740,4385,4550,866678,4.6
1711,2006-12-12,4550,4580,4385,4440,338985,-2.42
1712,2006-12-13,4485,4630,4440,4630,462446,4.28
1713,2006-12-14,4630,4700,4550,4640,405228,0.22
1714,2006-12-15,4670,4695,4600,4670,256857,0.65
1715,2006-12-18,4720,4755,4630,4630,272673,-0.86
1716,2006-12-19,4590,4615,4425,4425,321246,-4.43
1717,2006-12-20,4440,4520,4435,4435,197838,0.23
1718,2006-12-21,4460,4480,4390,4390,162684,-1.01
1719,2006-12-22,4445,4650,4415,4580,237265,4.33
1720,2006-12-26,4580,4675,4430,4510,219385,-1.53
1721,2006-12-27,4560,4625,4500,4575,155900,1.44
1722,2006-12-28,4630,4980,4600,4880,693507,6.67
1723,2007-01-02,4960,5020,4840,4870,535813,-0.2
1724,2007-01-03,4870,4955,4775,4810,284474,-1.23
1725,2007-01-04,4850,5180,4810,5110,1082488,6.24
1726,2007-01-05,5160,5160,4610,5000,490623,-2.15
1727,2007-01-08,5000,5020,4830,4830,269012,-3.4
1728,2007-01-09,4835,4935,4790,4880,183737,1.04
1729,2007-01-10,4930,4950,4695,4805,251054,-1.54
1730,2007-01-11,4825,4920,4800,4855,142670,1.04
1731,2007-01-12,4895,5250,4890,5050,752158,4.02
1732,2007-01-15,5070,5200,4980,5200,299060,2.97
1733,2007-01-16,5660,5980,5600,5980,2592656,15.0
1734,2007-01-17,6090,6200,5480,5500,3545254,-8.03
1735,2007-01-18,5410,5540,5150,5200,1248551,-5.45
1736,2007-01-19,5160,5420,4980,4980,1251151,-4.23
1737,2007-01-22,5060,5380,5030,5050,1663508,1.41
1738,2007-01-23,4975,4990,4760,4765,655154,-5.64
1739,2007-01-24,4825,4940,4745,4920,526949,3.25
1740,2007-01-25,4880,4980,4800,4800,487578,-2.44
1741,2007-01-26,4720,4790,4565,4710,354566,-1.88
1742,2007-01-29,4810,5130,4785,5000,757614,6.16
1743,2007-01-30,4910,5000,4850,4920,242873,-1.6
1744,2007-01-31,5030,5520,4990,5270,2452728,7.11
1745,2007-02-01,5270,5350,5080,5200,873565,-1.33
1746,2007-02-02,5280,5430,5150,5230,975772,0.58
1747,2007-02-05,5310,5360,5210,5260,466810,0.57
1748,2007-02-06,5310,5890,5270,5550,1858557,5.51
1749,2007-02-07,5500,5560,5380,5540,530211,-0.18
1750,2007-02-08,5550,5800,5480,5500,1487565,-0.72
1751,2007-02-09,5570,5700,5290,5300,703710,-3.64
1752,2007-02-12,5240,5380,5170,5360,363310,1.13
1753,2007-02-13,5400,5450,5190,5200,347285,-2.99
1754,2007-02-14,5260,5330,5220,5260,288715,1.15
1755,2007-02-15,5350,5350,5250,5280,251088,0.38
1756,2007-02-16,5290,5400,5260,5330,295939,0.95
1757,2007-02-20,5350,5510,5330,5490,382723,3.0
1758,2007-02-21,5600,5640,5400,5430,434243,-1.09
1759,2007-02-22,5440,5770,5440,5490,1060551,1.1
1760,2007-02-23,5540,5560,5390,5430,295010,-1.09
1761,2007-02-26,5400,5450,5340,5380,240639,-0.92
1762,2007-02-27,5350,5380,5190,5200,291916,-3.35
1763,2007-02-28,4995,5350,4835,5110,533736,-1.73
1764,2007-03-02,5110,5200,5100,5150,197718,0.78
1765,2007-03-05,5110,5250,4960,4960,349486,-3.69
1766,2007-03-06,5020,5220,5000,5180,227968,4.44
1767,2007-03-07,5290,5290,5150,5150,191096,-0.58
1768,2007-03-08,5200,5320,5120,5240,151521,1.75
1769,2007-03-09,5260,5400,5210,5320,323083,1.53
1770,2007-03-12,5350,5410,5330,5400,160736,1.5
1771,2007-03-13,5400,5430,5260,5270,218627,-2.41
1772,2007-03-14,5200,5250,5130,5130,183227,-2.66
1773,2007-03-15,5250,5450,5190,5290,446590,3.12
1774,2007-03-16,5360,5440,5320,5320,278026,0.57
1775,2007-03-19,5320,5470,5320,5460,244481,2.63
1776,2007-03-20,5490,5490,5330,5440,311210,-0.37
1777,2007-03-21,5460,5490,5320,5380,203997,-1.1
1778,2007-03-22,5460,5460,5330,5370,269602,-0.19
1779,2007-03-23,5370,5450,5260,5280,173592,-1.68
1780,2007-03-26,5330,5330,5210,5240,167006,-0.76
1781,2007-03-27,5220,5320,5210,5220,177238,-0.38
1782,2007-03-28,5200,5320,5170,5230,254573,0.19
1783,2007-03-29,5210,5320,5200,5300,200528,1.34
1784,2007-03-30,5320,5440,5280,5400,212296,1.89
1785,2007-04-02,5410,5580,5370,5450,369269,0.93
1786,2007-04-03,5490,5540,5370,5430,188925,-0.37
1787,2007-04-04,5500,5710,5450,5570,523917,2.58
1788,2007-04-05,5600,5830,5600,5750,562295,3.23
1789,2007-04-06,5770,5890,5660,5680,328803,-1.22
1790,2007-04-09,5710,5750,5570,5660,333448,-0.35
1791,2007-04-10,5700,5770,5540,5560,368027,-1.77
1792,2007-04-11,5570,5650,5520,5570,197824,0.18
1793,2007-04-12,5560,5740,5500,5700,322803,2.33
1794,2007-04-13,5700,5940,5660,5930,371636,4.04
1795,2007-04-16,6000,6000,5810,5910,348130,-0.34
1796,2007-04-17,5900,5930,5670,5700,294958,-3.55
1797,2007-04-18,5700,5790,5660,5740,191851,0.7
1798,2007-04-19,5770,5770,5550,5550,213898,-3.31
1799,2007-04-20,5550,5680,5550,5640,149063,1.62
1800,2007-04-23,5660,5730,5560,5610,178238,-0.53
1801,2007-04-24,5580,5670,5550,5590,157525,-0.36
1802,2007-04-25,5600,5890,5570,5720,406859,2.33
1803,2007-04-26,5790,5900,5670,5680,302587,-0.7
1804,2007-04-27,5700,5790,5380,5460,288332,-3.87
1805,2007-04-30,5460,5490,5220,5350,247953,-2.01
1806,2007-05-02,5370,5580,5350,5510,263980,2.99
1807,2007-05-03,5530,5610,5520,5550,87710,0.73
1808,2007-05-04,5550,5670,5480,5500,113072,-0.9
1809,2007-05-07,5550,5710,5500,5710,178319,3.82
1810,2007-05-08,5750,5820,5640,5710,139774,0.0
1811,2007-05-09,5750,5800,5650,5670,104345,-0.7
1812,2007-05-10,5730,5780,5470,5510,212479,-2.82
1813,2007-05-11,5460,5520,5410,5450,109969,-1.09
1814,2007-05-14,5510,5530,5280,5400,216276,-0.92
1815,2007-05-15,5400,5580,5400,5460,164569,1.11
1816,2007-05-16,5550,5570,5380,5470,114424,0.18
1817,2007-05-17,5500,5540,5350,5370,158879,-1.83
1818,2007-05-18,5350,5430,5280,5400,156547,0.56
1819,2007-05-21,5360,5400,5260,5330,109335,-1.3
1820,2007-05-22,5310,5400,5250,5280,129001,-0.94
1821,2007-05-23,5280,5350,5150,5250,136688,-0.57
1822,2007-05-25,5270,5840,5220,5710,1180233,8.76
1823,2007-05-28,5800,5920,5650,5830,566865,2.1
1824,2007-05-29,5870,5920,5750,5830,351865,0.0
1825,2007-05-30,5830,5920,5670,5860,267397,0.51
1826,2007-05-31,5900,6590,5860,6350,1196214,8.36
1827,2007-06-01,6450,6530,6200,6260,557900,-1.42
1828,2007-06-04,6390,6780,6330,6520,535413,4.15
1829,2007-06-05,6580,6740,6400,6670,405956,2.3
1830,2007-06-07,6610,7500,6530,7420,1119444,11.24
1831,2007-06-08,7320,7850,7310,7550,793754,1.75
1832,2007-06-11,7570,7820,7460,7600,490951,0.66
1833,2007-06-12,7650,7650,7250,7270,322559,-4.34
1834,2007-06-13,7330,7470,7220,7400,183796,1.79
1835,2007-06-14,7500,7740,7340,7690,374747,3.92
1836,2007-06-15,7700,7850,7520,7550,265496,-1.82
1837,2007-06-18,7560,7760,7270,7300,548903,-3.31
1838,2007-06-19,7380,7400,6890,7000,596904,-4.11
1839,2007-06-20,7030,7060,6700,6780,348412,-3.14
1840,2007-06-21,6770,7080,6680,7060,200145,4.13
1841,2007-06-22,7100,7140,6840,6840,137699,-3.12
1842,2007-06-25,6850,6930,6660,6800,159237,-0.58
1843,2007-06-26,6820,6900,6240,6300,271681,-7.35
1844,2007-06-27,6330,6400,6120,6150,228820,-2.38
1845,2007-06-28,6270,6390,6190,6340,257290,3.09
1846,2007-06-29,6300,6410,6300,6380,54266,0.63
1847,2007-07-02,6400,6470,6200,6450,57780,1.1
1848,2007-07-03,6510,6610,6360,6370,141033,-1.24
1849,2007-07-04,6380,6500,6180,6260,121873,-1.73
1850,2007-07-05,6260,6380,6210,6250,136506,-0.16
1851,2007-07-06,6250,6340,6180,6210,184663,-0.64
1852,2007-07-09,6400,6410,6250,6370,140947,2.58
1853,2007-07-10,6370,6470,6270,6390,109559,0.31
1854,2007-07-11,6260,6390,6250,6320,74699,-1.1
1855,2007-07-12,6410,6430,6270,6320,175589,0.0
1856,2007-07-13,6350,6400,6160,6200,153770,-1.9
1857,2007-07-16,6230,6230,5910,6020,132421,-2.9
1858,2007-07-18,6020,6110,5870,5910,174445,-1.83
1859,2007-07-19,5870,5960,5810,5840,113487,-1.18
1860,2007-07-20,5870,6150,5830,5880,407869,0.68
1861,2007-07-23,5850,5880,5490,5530,373815,-5.95
1862,2007-07-24,5530,5530,5200,5500,247272,-0.54
1863,2007-07-25,5480,5760,5410,5700,155834,3.64
1864,2007-07-26,5760,5760,5620,5640,126882,-1.05
1865,2007-07-27,5570,5660,5410,5520,205311,-2.13
1866,2007-07-30,5400,5650,5400,5550,71608,0.54
1867,2007-07-31,5560,5720,5450,5700,165495,2.7
1868,2007-08-01,5690,5750,5460,5600,100789,-1.75
1869,2007-08-02,5650,5740,5600,5650,108658,0.89
1870,2007-08-03,5740,5740,5620,5710,65348,1.06
1871,2007-08-06,5520,5640,5440,5520,87809,-3.33
1872,2007-08-07,5580,5590,5280,5350,173973,-3.08
1873,2007-08-08,5370,5450,5320,5390,203859,0.75
1874,2007-08-09,5410,5440,5360,5390,85606,0.0
1875,2007-08-10,5300,5450,5230,5360,177758,-0.56
1876,2007-08-13,5370,5410,5310,5410,85964,0.93
1877,2007-08-14,5340,5440,5300,5380,151316,-0.55
1878,2007-08-16,5200,5200,4915,4970,202518,-7.62
1879,2007-08-17,4970,5030,4740,4820,218699,-3.02
1880,2007-08-20,4865,5100,4865,5100,97908,5.81
1881,2007-08-21,5110,5190,5000,5070,93971,-0.59
1882,2007-08-22,5050,5170,5020,5170,52034,1.97
1883,2007-08-23,5200,5480,5200,5300,136986,2.51
1884,2007-08-24,5300,5340,5210,5300,57200,0.0
1885,2007-08-27,5380,5410,5280,5300,106477,0.0
1886,2007-08-28,5280,5500,5220,5500,125083,3.77
1887,2007-08-29,5320,5530,5300,5480,78509,-0.36
1888,2007-08-30,5510,5580,5470,5530,92236,0.91
1889,2007-08-31,5690,5690,5520,5690,111126,2.89
1890,2007-09-03,5760,5760,5550,5600,82043,-1.58
1891,2007-09-04,5620,5700,5560,5600,81080,0.0
1892,2007-09-05,5750,5770,5520,5530,141959,-1.25
1893,2007-09-06,5450,5590,5390,5460,102430,-1.27
1894,2007-09-07,5420,5530,5280,5350,91811,-2.01
1895,2007-09-10,5300,5300,5100,5130,90214,-4.11
1896,2007-09-11,5140,5190,5090,5130,66719,0.0
1897,2007-09-12,5160,5250,5130,5160,99800,0.58
1898,2007-09-13,5160,5200,4900,5130,75618,-0.58
1899,2007-09-14,5130,5540,5130,5450,183305,6.24
1900,2007-09-17,5680,6260,5570,6260,459982,14.86
1901,2007-09-18,6330,6770,6170,6210,1279504,-0.8
1902,2007-09-19,6410,6430,5870,5960,535422,-4.03
1903,2007-09-20,6000,6170,5750,5960,470667,0.0
1904,2007-09-21,5970,6090,5860,6020,466794,1.01
1905,2007-09-27,6060,6170,5820,5820,203228,-3.32
1906,2007-09-28,5770,5940,5690,5940,161921,2.06
1907,2007-10-01,6030,6030,5690,5720,204498,-3.7
1908,2007-10-02,5800,5830,5620,5800,237708,1.4
1909,2007-10-04,5800,5820,5600,5750,233720,-0.86
1910,2007-10-05,5740,5750,5470,5510,247818,-4.17
1911,2007-10-08,5530,5570,5340,5380,184083,-2.36
1912,2007-10-09,5560,5600,5400,5480,243171,1.86
1913,2007-10-10,5580,5860,5500,5790,313182,5.66
1914,2007-10-11,5600,5830,5600,5740,124586,-0.86
1915,2007-10-12,5640,5730,5450,5550,114242,-3.31
1916,2007-10-15,5620,5730,5350,5690,187510,2.52
1917,2007-10-16,5660,5660,5300,5300,135304,-6.85
1918,2007-10-17,5300,5430,5100,5210,163965,-1.7
1919,2007-10-18,5290,5350,5200,5280,79352,1.34
1920,2007-10-19,5240,5350,5170,5330,79954,0.95
1921,2007-10-22,5100,5170,4970,5160,115359,-3.19
1922,2007-10-23,5160,5280,5160,5260,51012,1.94
1923,2007-10-24,5200,5310,5050,5050,126672,-3.99
1924,2007-10-25,5050,5230,5010,5020,54767,-0.59
1925,2007-10-26,5020,5100,4915,5020,119301,0.0
1926,2007-10-29,5030,5130,5030,5090,70673,1.39
1927,2007-10-30,5040,5220,5040,5100,68866,0.2
1928,2007-10-31,5100,5240,5100,5160,49195,1.18
1929,2007-11-01,5160,5230,5060,5090,61876,-1.36
1930,2007-11-02,4925,5000,4910,4985,72504,-2.06
1931,2007-11-05,5000,5180,5000,5150,74199,3.31
1932,2007-11-06,5120,5200,5090,5110,37695,-0.78
1933,2007-11-07,5110,5200,4970,4970,63958,-2.74
1934,2007-11-08,4910,4995,4850,4900,45787,-1.41
1935,2007-11-09,4880,5020,4865,4915,32573,0.31
1936,2007-11-12,4915,4915,4710,4860,58704,-1.12
1937,2007-11-13,4900,4965,4770,4920,26570,1.23
1938,2007-11-14,4950,5020,4925,4950,54268,0.61
1939,2007-11-15,4910,5000,4880,4950,25885,0.0
1940,2007-11-16,4920,5040,4850,5040,50544,1.82
1941,2007-11-19,5170,5170,4975,4980,53540,-1.19
1942,2007-11-20,4900,4960,4820,4880,70116,-2.01
1943,2007-11-21,4930,4940,4800,4870,68114,-0.2
1944,2007-11-22,4720,5100,4720,5000,70088,2.67
1945,2007-11-23,4940,5020,4775,4940,50750,-1.2
1946,2007-11-26,4910,4995,4790,4860,116432,-1.62
1947,2007-11-27,4720,4880,4700,4790,73039,-1.44
1948,2007-11-28,4780,4980,4705,4780,77564,-0.21
1949,2007-11-29,4820,4850,4660,4720,90470,-1.26
1950,2007-11-30,4720,4775,4675,4730,33238,0.21
1951,2007-12-03,4745,4745,4430,4500,185473,-4.86
1952,2007-12-04,4420,4485,4330,4380,163511,-2.67
1953,2007-12-05,4370,4420,4360,4375,49458,-0.11
1954,2007-12-06,4410,4475,4390,4445,58661,1.6
1955,2007-12-07,4445,4450,4350,4350,86262,-2.14
1956,2007-12-10,4360,4400,4280,4350,66582,0.0
1957,2007-12-11,4330,4440,4290,4340,60803,-0.23
1958,2007-12-12,4300,4335,4265,4300,26213,-0.92
1959,2007-12-13,4300,4350,4210,4255,88257,-1.05
1960,2007-12-14,4220,4340,4175,4255,51054,0.0
1961,2007-12-17,4255,4340,4160,4180,58657,-1.76
1962,2007-12-18,4195,4195,4100,4185,84611,0.12
1963,2007-12-20,4185,4255,4120,4185,36422,0.0
1964,2007-12-21,4150,4220,4125,4135,72199,-1.19
1965,2007-12-24,4185,4220,4150,4165,35859,0.73
1966,2007-12-26,4200,4215,4100,4105,75233,-1.44
1967,2007-12-27,4105,4200,4085,4150,63296,1.1
1968,2007-12-28,4150,4200,4100,4150,42159,0.0
1969,2008-01-02,4170,4220,4070,4070,50966,-1.93
1970,2008-01-03,4070,4100,4030,4080,83176,0.25
1971,2008-01-04,4090,4110,4030,4075,30961,-0.12
1972,2008-01-07,4000,4035,3985,4020,92035,-1.35
1973,2008-01-08,4025,4050,3940,3975,78647,-1.12
1974,2008-01-09,3965,3965,3860,3965,67651,-0.25
1975,2008-01-10,3970,4060,3965,4060,61619,2.4
1976,2008-01-11,4160,4575,4140,4260,496670,4.93
1977,2008-01-14,4300,4355,4155,4160,75157,-2.35
1978,2008-01-15,4200,4340,4125,4180,72855,0.48
1979,2008-01-16,4175,4175,4015,4060,63557,-2.87
1980,2008-01-17,4060,4135,4005,4065,44657,0.12
1981,2008-01-18,4030,4085,3980,4070,35604,0.12
1982,2008-01-21,4050,4140,3980,4000,61140,-1.72
1983,2008-01-22,3950,3990,3720,3840,81584,-4.0
1984,2008-01-23,3845,3975,3825,3830,40598,-0.26
1985,2008-01-24,3895,3915,3840,3860,31905,0.78
1986,2008-01-25,3930,3960,3880,3880,41955,0.52
1987,2008-01-28,3950,3950,3830,3835,79514,-1.16
1988,2008-01-29,3935,3960,3830,3830,36068,-0.13
1989,2008-01-30,3850,3900,3740,3810,64233,-0.52
1990,2008-01-31,3850,3850,3710,3820,57896,0.26
1991,2008-02-01,3820,3980,3780,3850,51686,0.79
1992,2008-02-04,3870,3950,3860,3950,66760,2.6
1993,2008-02-05,3990,3995,3920,3995,28313,1.14
1994,2008-02-11,3950,3990,3900,3925,19074,-1.75
1995,2008-02-12,3930,4060,3930,4060,59880,3.44
1996,2008-02-13,4135,4320,4060,4320,173406,6.4
1997,2008-02-14,4320,4560,4180,4270,230312,-1.16
1998,2008-02-15,4230,4290,4160,4235,46136,-0.82
1999,2008-02-18,4300,4320,4140,4290,41532,1.3
2000,2008-02-19,4290,4340,4220,4295,32947,0.12
2001,2008-02-20,4300,4300,4175,4215,24720,-1.86
2002,2008-02-21,4215,4270,4080,4080,46523,-3.2
2003,2008-02-22,4070,4220,4000,4070,37469,-0.25
2004,2008-02-25,4100,4160,4015,4045,27427,-0.61
2005,2008-02-26,4050,4140,3980,4035,44913,-0.25
2006,2008-02-27,4000,4050,3975,4050,36217,0.37
2007,2008-02-28,4085,4085,3940,4055,68393,0.12
2008,2008-02-29,4050,4060,3960,4000,44724,-1.36
2009,2008-03-03,3960,3985,3890,3975,27527,-0.62
2010,2008-03-04,3995,4025,3875,4020,67401,1.13
2011,2008-03-05,4030,4315,4030,4230,176124,5.22
2012,2008-03-06,4220,4425,4185,4425,197619,4.61
2013,2008-03-07,4415,4670,4350,4670,272891,5.54
2014,2008-03-10,4600,4680,4450,4520,136280,-3.21
2015,2008-03-11,4470,4500,4250,4350,166092,-3.76
2016,2008-03-12,4450,4585,4350,4435,106492,1.95
2017,2008-03-13,4500,4680,4450,4505,202537,1.58
2018,2008-03-14,4640,4640,4475,4515,113640,0.22
2019,2008-03-17,4500,4500,3970,4150,288799,-8.08
2020,2008-03-18,4260,4260,4140,4200,106557,1.2
2021,2008-03-19,4300,4300,4100,4180,59979,-0.48
2022,2008-03-20,4100,4100,3965,4060,143111,-2.87
2023,2008-03-21,4080,4110,4030,4090,64467,0.74
2024,2008-03-24,4140,4145,3990,3995,138547,-2.32
2025,2008-03-25,4050,4195,3995,4150,206751,3.88
2026,2008-03-26,4280,4440,4270,4325,389190,4.22
2027,2008-03-27,4325,4390,4200,4215,79992,-2.54
2028,2008-03-28,4190,4280,4155,4275,66292,1.42
2029,2008-03-31,4295,4295,4180,4240,67564,-0.82
2030,2008-04-01,4240,4280,4130,4160,138196,-1.89
2031,2008-04-02,4225,4230,4115,4155,114811,-0.12
2032,2008-04-03,4175,4175,4000,4070,164062,-2.05
2033,2008-04-04,4050,4140,4020,4050,73076,-0.49
2034,2008-04-07,4030,4095,4030,4035,68655,-0.37
2035,2008-04-08,4035,4115,4000,4020,91449,-0.37
2036,2008-04-10,4020,4110,3990,4065,103977,1.12
2037,2008-04-11,4050,4090,4025,4060,65381,-0.12
2038,2008-04-14,4005,4050,3970,3970,55494,-2.22
2039,2008-04-15,3950,4045,3945,4010,61175,1.01
2040,2008-04-16,3995,4095,3995,4055,51414,1.12
2041,2008-04-17,4075,4135,4005,4015,36701,-0.99
2042,2008-04-18,4020,4075,3970,3990,39824,-0.62
2043,2008-04-21,4010,4075,3955,3970,39528,-0.5
2044,2008-04-22,3965,4000,3930,3965,42480,-0.13
2045,2008-04-23,3985,4000,3830,3885,100789,-2.02
2046,2008-04-24,3900,3935,3835,3880,100179,-0.13
2047,2008-04-25,3880,3915,3850,3910,48241,0.77
2048,2008-04-28,3950,3950,3820,3830,52446,-2.05
2049,2008-04-29,3830,3860,3785,3810,44536,-0.52
2050,2008-04-30,3775,3845,3770,3825,38225,0.39
2051,2008-05-02,3865,3895,3780,3780,53961,-1.18
2052,2008-05-06,3755,3800,3755,3770,61708,-0.26
2053,2008-05-07,3760,3800,3740,3770,70895,0.0
2054,2008-05-08,3740,3790,3720,3790,74189,0.53
2055,2008-05-09,3800,3895,3790,3845,60888,1.45
2056,2008-05-13,3830,3905,3820,3895,59166,1.3
2057,2008-05-14,3960,3960,3860,3895,37440,0.0
2058,2008-05-15,3875,3915,3830,3870,55555,-0.64
2059,2008-05-16,3910,3910,3790,3790,68066,-2.07
2060,2008-05-19,3835,3840,3765,3795,22889,0.13
2061,2008-05-20,3775,3800,3740,3750,59840,-1.19
2062,2008-05-21,3750,3795,3720,3740,63467,-0.27
2063,2008-05-22,3710,3740,3500,3700,168825,-1.07
2064,2008-05-23,3700,3760,3450,3450,233867,-6.76
2065,2008-05-26,3470,3500,3355,3425,85904,-0.72
2066,2008-05-27,3455,3550,3410,3485,119892,1.75
2067,2008-05-28,3500,3595,3450,3525,158401,1.15
2068,2008-05-29,3530,3580,3500,3540,73844,0.43
2069,2008-05-30,3555,3585,3510,3535,30420,-0.14
2070,2008-06-02,3525,3535,3400,3400,79416,-3.82
2071,2008-06-03,3400,3450,3370,3400,63954,0.0
2072,2008-06-04,3390,3430,3350,3375,117552,-0.74
2073,2008-06-05,3380,3415,3335,3375,63811,0.0
2074,2008-06-09,3300,3375,3155,3220,152706,-4.59
2075,2008-06-10,3200,3255,3010,3100,186349,-3.73
2076,2008-06-11,3100,3185,3050,3130,139709,0.97
2077,2008-06-12,3080,3170,3035,3090,100493,-1.28
2078,2008-06-13,3130,3130,3050,3085,61813,-0.16
2079,2008-06-16,3090,3165,3085,3150,113241,2.11
2080,2008-06-17,3130,3270,3130,3180,133090,0.95
2081,2008-06-18,3180,3220,3140,3200,82484,0.63
2082,2008-06-19,3200,3265,3150,3215,107335,0.47
2083,2008-06-20,3200,3280,3155,3175,74932,-1.24
2084,2008-06-23,3085,3190,3050,3085,103542,-2.83
2085,2008-06-24,3060,3115,3055,3110,31314,0.81
2086,2008-06-25,3070,3120,3020,3090,60214,-0.64
2087,2008-06-26,3080,3120,3050,3090,63220,0.0
2088,2008-06-27,3060,3085,2950,2970,128267,-3.88
2089,2008-06-30,2950,3045,2930,2960,80759,-0.34
2090,2008-07-01,2960,3045,2880,2910,106695,-1.69
2091,2008-07-02,2910,2950,2800,2845,91712,-2.23
2092,2008-07-03,2770,2910,2420,2850,171817,0.18
2093,2008-07-04,2785,2865,2745,2800,107255,-1.75
2094,2008-07-07,2710,2870,2700,2850,91993,1.79
2095,2008-07-08,2815,2875,2720,2860,200564,0.35
2096,2008-07-09,2900,3130,2860,2880,128985,0.7
2097,2008-07-10,2765,2900,2765,2870,46011,-0.35
2098,2008-07-11,2865,2950,2850,2900,53131,1.05
2099,2008-07-14,2900,2915,2815,2860,87609,-1.38
2100,2008-07-15,2890,2890,2750,2890,64326,1.05
2101,2008-07-16,2870,3000,2800,2850,209793,-1.38
2102,2008-07-17,2880,2970,2835,2850,42946,0.0
2103,2008-07-18,2890,2960,2815,2845,32980,-0.18
2104,2008-07-21,2820,2895,2820,2850,77095,0.18
2105,2008-07-22,2895,2895,2815,2850,49551,0.0
2106,2008-07-23,2890,2890,2810,2810,52246,-1.4
2107,2008-07-24,2850,2870,2780,2835,45832,0.89
2108,2008-07-25,2835,2870,2810,2840,41772,0.18
2109,2008-07-28,2865,3080,2850,3035,146824,6.87
2110,2008-07-29,2990,3030,2940,2970,39396,-2.14
2111,2008-07-30,2995,3075,2965,2980,45127,0.34
2112,2008-07-31,3000,3050,2910,2970,34538,-0.34
2113,2008-08-01,2940,2985,2865,2865,38434,-3.54
2114,2008-08-04,2840,2885,2770,2780,39882,-2.97
2115,2008-08-05,2870,2870,2695,2745,68157,-1.26
2116,2008-08-06,2845,2845,2755,2795,26625,1.82
2117,2008-08-07,2745,2800,2735,2780,37907,-0.54
2118,2008-08-08,2785,2820,2720,2820,28354,1.44
2119,2008-08-11,2840,2845,2780,2800,23086,-0.71
2120,2008-08-12,2800,2820,2765,2765,33225,-1.25
2121,2008-08-13,2800,2800,2730,2780,15767,0.54
2122,2008-08-14,2790,2790,2685,2740,43963,-1.44
2123,2008-08-18,2705,2780,2580,2630,132955,-4.01
2124,2008-08-19,2565,2625,2520,2610,47693,-0.76
2125,2008-08-20,2610,2610,2505,2610,28451,0.0
2126,2008-08-21,2640,2640,2570,2600,35410,-0.38
2127,2008-08-22,2570,2635,2475,2540,39280,-2.31
2128,2008-08-25,2490,2580,2490,2550,34106,0.39
2129,2008-08-26,2500,2565,2490,2540,51174,-0.39
2130,2008-08-27,2510,2555,2465,2540,47330,0.0
2131,2008-08-28,2585,2605,2540,2570,30848,1.18
2132,2008-08-29,2620,2650,2570,2595,33328,0.97
2133,2008-09-01,2620,2620,2385,2435,80250,-6.17
2134,2008-09-02,2480,2480,2255,2345,64429,-3.7
2135,2008-09-03,2345,2350,2285,2350,54664,0.21
2136,2008-09-04,2350,2400,2300,2400,33449,2.13
2137,2008-09-05,2300,2395,2300,2360,75037,-1.67
2138,2008-09-08,2400,2480,2380,2480,22595,5.08
2139,2008-09-09,2490,2495,2415,2415,17618,-2.62
2140,2008-09-10,2445,2450,2375,2440,25575,1.04
2141,2008-09-11,2420,2500,2420,2445,11581,0.2
2142,2008-09-12,2480,2545,2445,2540,37918,3.89
2143,2008-09-16,2390,2395,2320,2380,26523,-6.3
2144,2008-09-17,2400,2500,2400,2500,26685,5.04
2145,2008-09-18,2460,2460,2360,2440,42573,-2.4
2146,2008-09-19,2530,2550,2460,2530,27613,3.69
2147,2008-09-22,2530,2530,2460,2490,22562,-1.58
2148,2008-09-23,2455,2535,2450,2500,20958,0.4
2149,2008-09-24,2510,2545,2460,2500,48519,0.0
2150,2008-09-25,2540,2540,2430,2445,42774,-2.2
2151,2008-09-26,2470,2475,2405,2450,33702,0.2
2152,2008-09-29,2480,2480,2385,2405,17425,-1.84
2153,2008-09-30,2300,2370,2275,2370,24938,-1.46
2154,2008-10-01,2400,2410,2350,2395,18388,1.05
2155,2008-10-02,2380,2390,2315,2390,45673,-0.21
2156,2008-10-06,2305,2350,2270,2280,35581,-4.6
2157,2008-10-07,2200,2255,2110,2185,59475,-4.17
2158,2008-10-08,2100,2120,1995,2000,99972,-8.47
2159,2008-10-09,1910,2030,1910,1950,45896,-2.5
2160,2008-10-10,1875,1875,1660,1735,237812,-11.03
2161,2008-10-13,1895,1895,1730,1780,316566,2.59
2162,2008-10-14,1850,1920,1845,1895,133033,6.46
2163,2008-10-15,1870,1885,1840,1880,36994,-0.79
2164,2008-10-16,1760,1800,1610,1750,74238,-6.91
2165,2008-10-17,1780,1790,1640,1740,23281,-0.57
2166,2008-10-20,1740,1775,1660,1770,32986,1.72
2167,2008-10-21,1820,1850,1725,1760,30655,-0.56
2168,2008-10-22,1790,1790,1505,1700,29422,-3.41
2169,2008-10-23,1620,1640,1500,1600,45940,-5.88
2170,2008-10-24,1590,1630,1365,1400,72973,-12.5
2171,2008-10-27,1200,1440,1190,1200,94265,-14.29
2172,2008-10-28,1120,1315,1120,1300,101524,8.33
2173,2008-10-29,1385,1450,1150,1300,108812,0.0
2174,2008-10-30,1330,1450,1260,1400,222224,7.69
2175,2008-10-31,1405,1495,1350,1450,188478,3.57
2176,2008-11-03,1460,1590,1420,1575,94682,8.62
2177,2008-11-04,1575,1600,1515,1520,107488,-3.49
2178,2008-11-05,1560,1640,1520,1560,164891,2.63
2179,2008-11-06,1505,1505,1370,1370,87863,-12.18
2180,2008-11-07,1300,1480,1300,1470,57459,7.3
2181,2008-11-10,1500,1595,1490,1555,101198,5.78
2182,2008-11-11,1510,1590,1480,1500,38168,-3.54
2183,2008-11-12,1460,1500,1410,1450,69908,-3.33
2184,2008-11-13,1380,1400,1300,1335,90340,-7.93
2185,2008-11-14,1395,1430,1340,1380,27573,3.37
2186,2008-11-17,1330,1405,1315,1360,89609,-1.45
2187,2008-11-18,1320,1375,1250,1290,68225,-5.15
2188,2008-11-19,1300,1330,1210,1255,76895,-2.71
2189,2008-11-20,1190,1210,1105,1155,72230,-7.97
2190,2008-11-21,1100,1205,1070,1200,81266,3.9
2191,2008-11-24,1220,1245,1150,1165,47947,-2.92
2192,2008-11-25,1180,1245,1150,1180,39051,1.29
2193,2008-11-26,1160,1250,1160,1240,50357,5.08
2194,2008-11-27,1230,1295,1230,1260,53273,1.61
2195,2008-11-28,1270,1295,1235,1280,44028,1.59
2196,2008-12-01,1295,1300,1200,1290,38265,0.78
2197,2008-12-02,1210,1270,1200,1260,113072,-2.33
2198,2008-12-03,1260,1280,1235,1260,24205,0.0
2199,2008-12-04,1270,1280,1215,1220,39905,-3.17
2200,2008-12-05,1225,1240,1175,1225,19653,0.41
2201,2008-12-08,1230,1340,1230,1310,186238,6.94
2202,2008-12-09,1315,1335,1265,1270,76116,-3.05
2203,2008-12-10,1270,1340,1240,1325,51608,4.33
2204,2008-12-11,1355,1375,1320,1360,90457,2.64
2205,2008-12-12,1320,1365,1315,1325,37456,-2.57
2206,2008-12-15,1350,1440,1350,1415,156669,6.79
2207,2008-12-16,1370,1435,1370,1370,51527,-3.18
2208,2008-12-17,1430,1430,1360,1395,83497,1.82
2209,2008-12-18,1415,1415,1360,1375,95398,-1.43
2210,2008-12-19,1350,1405,1340,1365,39355,-0.73
2211,2008-12-22,1400,1440,1375,1410,111920,3.3
2212,2008-12-23,1435,1435,1350,1370,64336,-2.84
2213,2008-12-24,1365,1390,1340,1365,26621,-0.36
2214,2008-12-26,1365,1385,1340,1380,51750,1.1
2215,2008-12-29,1410,1410,1345,1370,24001,-0.72
2216,2008-12-30,1355,1440,1355,1410,92769,2.92
2217,2009-01-02,1440,1440,1410,1425,41652,1.06
2218,2009-01-05,1430,1480,1425,1465,121795,2.81
2219,2009-01-06,1470,1505,1430,1475,89037,0.68
2220,2009-01-07,1490,1495,1455,1470,64405,-0.34
2221,2009-01-08,1440,1485,1430,1470,24910,0.0
2222,2009-01-09,1500,1500,1420,1420,121897,-3.4
2223,2009-01-12,1450,1470,1410,1440,47713,1.41
2224,2009-01-13,1420,1455,1420,1450,53520,0.69
2225,2009-01-14,1470,1665,1420,1665,682162,14.83
2226,2009-01-15,1620,1850,1605,1670,2148184,0.3
2227,2009-01-16,1730,1810,1640,1725,1065541,3.29
2228,2009-01-19,1800,1855,1680,1680,775818,-2.61
2229,2009-01-20,1700,1820,1640,1800,882291,7.14
2230,2009-01-21,1710,2050,1685,1805,1836697,0.28
2231,2009-01-22,1880,1880,1770,1780,450890,-1.39
2232,2009-01-23,1785,1835,1675,1680,450821,-5.62
2233,2009-01-28,1775,1820,1610,1820,314055,8.33
2234,2009-01-29,1820,1870,1755,1770,227879,-2.75
2235,2009-01-30,1770,1790,1710,1710,199595,-3.39
2236,2009-02-02,1720,1765,1680,1700,200900,-0.58
2237,2009-02-03,1700,1815,1690,1805,312076,6.18
2238,2009-02-04,1840,1895,1800,1845,377247,2.22
2239,2009-02-05,1855,1855,1760,1760,186613,-4.61
2240,2009-02-06,1800,1860,1780,1795,126035,1.99
2241,2009-02-09,1830,1890,1815,1860,304760,3.62
2242,2009-02-10,1890,2025,1810,1960,816019,5.38
2243,2009-02-11,1915,2125,1875,2100,796957,7.14
2244,2009-02-12,2150,2215,2055,2070,1416366,-1.43
2245,2009-02-13,2070,2120,2015,2095,293295,1.21
2246,2009-02-16,2050,2090,1950,1950,477619,-6.92
2247,2009-02-17,1950,1970,1710,1710,446733,-12.31
2248,2009-02-18,1690,1845,1620,1720,292520,0.58
2249,2009-02-19,1720,1840,1680,1760,242276,2.33
2250,2009-02-20,1705,1745,1550,1600,150995,-9.09
2251,2009-02-23,1655,1695,1595,1680,64106,5.0
2252,2009-02-24,1600,1640,1585,1600,94240,-4.76
2253,2009-02-25,1635,1690,1565,1565,129671,-2.19
2254,2009-02-26,1590,1635,1470,1520,136777,-2.88
2255,2009-02-27,1535,1590,1520,1570,72386,3.29
2256,2009-03-02,1540,1560,1480,1480,49295,-5.73
2257,2009-03-03,1410,1470,1350,1435,132845,-3.04
2258,2009-03-04,1435,1510,1410,1480,54306,3.14
2259,2009-03-05,1490,1545,1480,1500,51540,1.35
2260,2009-03-06,1450,1495,1430,1475,32214,-1.67
2261,2009-03-09,1475,1525,1455,1515,46629,2.71
2262,2009-03-10,1475,1530,1475,1525,65617,0.66
2263,2009-03-11,1565,1565,1525,1535,87443,0.66
2264,2009-03-12,1535,1625,1515,1580,125445,2.93
2265,2009-03-13,1605,1660,1565,1650,151501,4.43
2266,2009-03-16,1670,1715,1625,1630,66126,-1.21
2267,2009-03-17,1635,1670,1600,1660,47098,1.84
2268,2009-03-18,1700,1770,1655,1665,89465,0.3
2269,2009-03-19,1680,1720,1600,1600,67962,-3.9
2270,2009-03-20,1640,1650,1605,1615,51004,0.94
2271,2009-03-23,1610,1695,1605,1675,106828,3.72
2272,2009-03-24,1700,1710,1660,1705,75496,1.79
2273,2009-03-25,1705,1725,1680,1700,76167,-0.29
2274,2009-03-26,1700,1780,1700,1765,93272,3.82
2275,2009-03-27,1770,1815,1735,1740,122401,-1.42
2276,2009-03-30,1730,1755,1620,1635,51308,-6.03
2277,2009-03-31,1610,1695,1610,1640,48230,0.31
2278,2009-04-01,1650,1690,1630,1690,111032,3.05
2279,2009-04-02,1940,1940,1875,1940,479738,14.79
2280,2009-04-03,1920,1990,1880,1935,475083,-0.26
2281,2009-04-06,1940,1985,1830,1935,238312,0.0
2282,2009-04-07,1920,2215,1920,2160,535185,11.63
2283,2009-04-08,2085,2130,1950,2035,675427,-5.79
2284,2009-04-09,2055,2120,1990,2050,380475,0.74
2285,2009-04-10,2060,2090,1980,2050,326825,0.0
2286,2009-04-13,2060,2295,2060,2230,499083,8.78
2287,2009-04-14,2200,2230,2140,2200,237331,-1.35
2288,2009-04-15,2200,2200,1955,2010,209977,-8.64
2289,2009-04-16,2045,2120,1975,1980,307794,-1.49
2290,2009-04-17,2015,2100,1950,1975,290050,-0.25
2291,2009-04-20,1980,2025,1940,1985,112427,0.51
2292,2009-04-21,1985,1985,1865,1930,418342,-2.77
2293,2009-04-22,1960,2165,1960,2165,540443,12.18
2294,2009-04-23,2155,2160,2020,2070,309052,-4.39
2295,2009-04-24,2100,2115,2015,2045,135329,-1.21
2296,2009-04-27,2090,2235,2045,2120,351049,3.67
2297,2009-04-28,2160,2230,2035,2080,234309,-1.89
2298,2009-04-29,2085,2200,1980,1980,764248,-4.81
2299,2009-04-30,2020,2100,2000,2080,2694700,5.05
2300,2009-05-04,2190,2350,2150,2155,436457,3.61
2301,2009-05-06,2200,2450,2145,2410,648896,11.83
2302,2009-05-07,2415,2430,2300,2390,213791,-0.83
2303,2009-05-08,2390,2490,2330,2460,411513,2.93
2304,2009-05-11,2470,2480,2340,2350,227829,-4.47
2305,2009-05-12,2330,2385,2250,2375,146361,1.06
2306,2009-05-13,2330,2490,2330,2445,238386,2.95
2307,2009-05-14,2445,2580,2365,2485,287175,1.64
2308,2009-05-15,2510,2570,2430,2490,138430,0.2
2309,2009-05-18,2540,2540,2395,2460,149331,-1.2
2310,2009-05-19,2500,2635,2460,2590,321261,5.28
2311,2009-05-20,2650,2650,2520,2565,190530,-0.97
2312,2009-05-21,2565,2580,2445,2525,201891,-1.56
2313,2009-05-22,2510,2515,2370,2435,122718,-3.56
2314,2009-05-25,2360,2480,2070,2320,211825,-4.72
2315,2009-05-26,2325,2370,2220,2220,102766,-4.31
2316,2009-05-27,2290,2330,2200,2250,64679,1.35
2317,2009-05-28,2200,2270,2100,2190,62301,-2.67
2318,2009-05-29,2200,2270,2145,2150,52852,-1.83
2319,2009-06-01,2160,2195,2130,2150,76694,0.0
2320,2009-06-02,2205,2225,2160,2190,108460,1.86
2321,2009-06-03,2205,2215,2135,2190,62710,0.0
2322,2009-06-04,2190,2230,2130,2185,79088,-0.23
2323,2009-06-05,2230,2510,2230,2510,447250,14.87
2324,2009-06-08,2590,2830,2520,2675,1162504,6.57
2325,2009-06-09,2625,2680,2410,2410,411140,-9.91
2326,2009-06-10,2435,2560,2360,2520,327537,4.56
2327,2009-06-11,2560,2560,2395,2415,199955,-4.17
2328,2009-06-12,2420,2470,2400,2450,95247,1.45
2329,2009-06-15,2450,2530,2305,2330,157692,-4.9
2330,2009-06-16,2280,2355,2270,2330,45418,0.0
2331,2009-06-17,2360,2385,2270,2270,67539,-2.58
2332,2009-06-18,2235,2285,2225,2245,113093,-1.1
2333,2009-06-19,2300,2300,2210,2255,63627,0.45
2334,2009-06-22,2260,2375,2255,2305,92370,2.22
2335,2009-06-23,2270,2345,2255,2310,46122,0.22
2336,2009-06-24,2315,2510,2280,2450,254039,6.06
2337,2009-06-25,2450,2490,2400,2475,72055,1.02
2338,2009-06-26,2495,2500,2425,2450,91460,-1.01
2339,2009-06-29,2480,2500,2320,2380,96405,-2.86
2340,2009-06-30,2390,2450,2230,2320,77753,-2.52
2341,2009-07-01,2280,2370,2280,2360,39865,1.72
2342,2009-07-02,2360,2395,2310,2395,26279,1.48
2343,2009-07-03,2395,2445,2320,2390,64766,-0.21
2344,2009-07-06,2360,2400,2305,2350,113570,-1.67
2345,2009-07-07,2355,2410,2355,2385,97642,1.49
2346,2009-07-08,2405,2540,2385,2490,315057,4.4
2347,2009-07-09,2490,2580,2455,2550,175945,2.41
2348,2009-07-10,2550,2595,2465,2465,99365,-3.33
2349,2009-07-13,2415,2455,2310,2310,221809,-6.29
2350,2009-07-14,2315,2350,2265,2265,92176,-1.95
2351,2009-07-15,2275,2385,2275,2350,105700,3.75
2352,2009-07-16,2400,2425,2340,2395,52013,1.91
2353,2009-07-17,2440,2440,2300,2325,56949,-2.92
2354,2009-07-20,2305,2360,2305,2355,60296,1.29
2355,2009-07-21,2365,2380,2320,2320,56190,-1.49
2356,2009-07-22,2350,2575,2325,2440,253403,5.17
2357,2009-07-23,2470,2520,2425,2450,111498,0.41
2358,2009-07-24,2500,2530,2435,2435,110199,-0.61
2359,2009-07-27,2455,2635,2435,2595,235280,6.57
2360,2009-07-28,2650,2800,2555,2740,496529,5.59
2361,2009-07-29,2780,2960,2555,2560,498577,-6.57
2362,2009-07-30,2575,2940,2530,2940,409446,14.84
2363,2009-07-31,3100,3335,3035,3070,1766970,4.42
2364,2009-08-03,3140,3200,2950,3145,558322,2.44
2365,2009-08-04,3180,3375,3130,3290,554949,4.61
2366,2009-08-05,3400,3480,3210,3300,406279,0.3
2367,2009-08-06,3245,3300,3105,3155,325865,-4.39
2368,2009-08-07,3200,3320,3155,3320,250095,5.23
2369,2009-08-10,3400,3400,3270,3300,217210,-0.6
2370,2009-08-11,3290,3300,3160,3185,120168,-3.48
2371,2009-08-12,3180,3180,3030,3060,224937,-3.92
2372,2009-08-13,3090,3175,3070,3100,178745,1.31
2373,2009-08-14,3150,3220,3055,3070,136759,-0.97
2374,2009-08-17,3070,3120,2990,3010,136804,-1.95
2375,2009-08-18,3000,3100,2980,3045,125981,1.16
2376,2009-08-19,3085,3160,3030,3045,136652,0.0
2377,2009-08-20,3095,3110,3000,3050,79594,0.16
2378,2009-08-21,3075,3350,3075,3315,266964,8.69
2379,2009-08-24,3390,3395,3240,3245,207826,-2.11
2380,2009-08-25,3245,3245,2875,3105,123709,-4.31
2381,2009-08-26,3150,3210,3075,3075,116767,-0.97
2382,2009-08-27,3035,3100,3035,3040,119221,-1.14
2383,2009-08-28,3100,3290,3080,3245,215597,6.74
2384,2009-08-31,3250,3400,3200,3235,124223,-0.31
2385,2009-09-01,3235,3295,3150,3225,73819,-0.31
2386,2009-09-02,3200,3225,3150,3210,98348,-0.47
2387,2009-09-03,3250,3320,3160,3260,127147,1.56
2388,2009-09-04,3285,3390,3220,3345,218760,2.61
2389,2009-09-07,3345,3440,3215,3220,123300,-3.74
2390,2009-09-08,3220,3285,3105,3155,168400,-2.02
2391,2009-09-09,3265,3285,3160,3270,66211,3.65
2392,2009-09-10,3370,3760,3345,3760,661356,14.98
2393,2009-09-11,3955,4100,3615,3780,833986,0.53
2394,2009-09-14,3820,4125,3725,3995,715482,5.69
2395,2009-09-15,4005,4155,3860,3860,472355,-3.38
2396,2009-09-16,3870,3950,3755,3855,245836,-0.13
2397,2009-09-17,3930,4060,3750,3995,256455,3.63
2398,2009-09-18,3955,4050,3910,4000,105479,0.13
2399,2009-09-21,4160,4170,3960,4005,177784,0.12
2400,2009-09-22,4000,4080,3970,4070,147741,1.62
2401,2009-09-23,4095,4180,4000,4020,201299,-1.23
2402,2009-09-24,3960,3970,3680,3755,338287,-6.59
2403,2009-09-25,3760,3870,3540,3540,152266,-5.73
2404,2009-09-28,3540,3750,3455,3630,180474,2.54
2405,2009-09-29,3670,3700,3545,3590,96692,-1.1
2406,2009-09-30,3630,3850,3570,3750,158187,4.46
2407,2009-10-01,3900,3900,3495,3580,182439,-4.53
2408,2009-10-05,3690,3690,3520,3615,42127,0.98
2409,2009-10-06,3635,3675,3560,3600,78935,-0.41
2410,2009-10-07,3615,3790,3520,3660,239864,1.67
2411,2009-10-08,3690,3690,3580,3640,46147,-0.55
2412,2009-10-09,3630,3650,3560,3560,91142,-2.2
2413,2009-10-12,3575,3620,3450,3450,139510,-3.09
2414,2009-10-13,3430,3475,3385,3410,56136,-1.16
2415,2009-10-14,3400,3455,3370,3425,56566,0.44
2416,2009-10-15,3475,3480,3385,3385,66069,-1.17
2417,2009-10-16,3395,3530,3390,3445,76944,1.77
2418,2009-10-19,3480,3495,3395,3495,51547,1.45
2419,2009-10-20,3470,3580,3470,3470,53792,-0.72
2420,2009-10-21,3495,3500,3420,3445,67988,-0.72
2421,2009-10-22,3450,3580,3450,3450,55884,0.15
2422,2009-10-23,3560,3560,3460,3460,24733,0.29
2423,2009-10-26,3450,3510,3400,3410,58557,-1.45
2424,2009-10-27,3455,3900,3405,3700,492727,8.5
2425,2009-10-28,3740,3775,3595,3630,160353,-1.89
2426,2009-10-29,3630,3650,3350,3430,133681,-5.51
2427,2009-10-30,3440,3500,3430,3455,41973,0.73
2428,2009-11-02,3390,3465,3295,3320,67721,-3.91
2429,2009-11-03,3320,3380,3225,3235,57626,-2.56
2430,2009-11-04,3200,3285,3200,3250,44586,0.46
2431,2009-11-05,3285,3375,3250,3310,47637,1.85
2432,2009-11-06,3330,3470,3330,3435,30336,3.78
2433,2009-11-09,3420,3470,3370,3410,38399,-0.73
2434,2009-11-10,3435,3460,3310,3370,108074,-1.17
2435,2009-11-11,3400,3440,3300,3395,55423,0.74
2436,2009-11-12,3400,3420,3330,3375,24127,-0.59
2437,2009-11-13,3345,3415,3290,3345,24002,-0.89
2438,2009-11-16,3395,3525,3260,3300,31228,-1.35
2439,2009-11-17,3300,3345,3260,3260,41895,-1.21
2440,2009-11-18,3355,3355,3250,3270,45156,0.31
2441,2009-11-19,3250,3300,3170,3260,48251,-0.31
2442,2009-11-20,3240,3275,3190,3210,44236,-1.53
2443,2009-11-23,3215,3285,3130,3130,45586,-2.49
2444,2009-11-24,3155,3155,2965,3080,184749,-1.6
2445,2009-11-25,3080,3330,3015,3220,158971,4.55
2446,2009-11-26,3170,3455,3170,3215,196394,-0.16
2447,2009-11-27,3030,3030,2735,2735,394347,-14.93
2448,2009-11-30,2710,2765,2615,2730,182629,-0.18
2449,2009-12-01,2750,2820,2730,2765,47023,1.28
2450,2009-12-02,2785,2870,2730,2810,72248,1.63
2451,2009-12-03,2850,2850,2795,2795,38331,-0.53
2452,2009-12-04,2800,2805,2750,2800,36323,0.18
2453,2009-12-07,2845,2845,2800,2810,52536,0.36
2454,2009-12-08,2850,2850,2730,2755,40922,-1.96
2455,2009-12-09,2705,2815,2705,2755,53491,0.0
2456,2009-12-10,2785,2795,2745,2775,25463,0.73
2457,2009-12-11,2775,2795,2720,2740,69472,-1.26
2458,2009-12-14,2770,2880,2735,2770,73627,1.09
2459,2009-12-15,2800,2910,2800,2870,105003,3.61
2460,2009-12-16,2885,3050,2885,2985,175998,4.01
2461,2009-12-17,3010,3075,2950,2970,148675,-0.5
2462,2009-12-18,2970,2970,2900,2950,75066,-0.67
2463,2009-12-21,2955,2995,2920,2950,64274,0.0
2464,2009-12-22,2950,2960,2860,2865,102616,-2.88
2465,2009-12-23,2875,2880,2800,2830,80838,-1.22
2466,2009-12-24,2805,2925,2800,2850,89135,0.71
2467,2009-12-28,2815,2875,2720,2720,101657,-4.56
2468,2009-12-29,2730,2755,2690,2735,50052,0.55
2469,2009-12-30,2715,2745,2645,2670,156011,-2.38
2470,2010-01-04,2680,2795,2625,2725,187760,2.06
2471,2010-01-05,2760,2795,2730,2730,117685,0.18
2472,2010-01-06,2775,2815,2735,2810,102914,2.93
2473,2010-01-07,2820,2910,2810,2810,103167,0.0
2474,2010-01-08,2830,2880,2790,2850,95732,1.42
2475,2010-01-11,2870,3025,2870,2940,203447,3.16
2476,2010-01-12,2910,2980,2910,2960,85776,0.68
2477,2010-01-13,2985,3020,2935,2935,84547,-0.84
2478,2010-01-14,2980,3060,2930,3050,126807,3.92
2479,2010-01-15,3100,3135,3000,3000,121908,-1.64
2480,2010-01-18,2990,2990,2900,2925,110214,-2.5
2481,2010-01-19,2980,3030,2930,2965,103493,1.37
2482,2010-01-20,2970,3020,2915,2955,76996,-0.34
2483,2010-01-21,2920,2970,2870,2955,94946,0.0
2484,2010-01-22,2890,2980,2890,2930,66598,-0.85
2485,2010-01-25,2895,3365,2895,3270,722693,11.6
2486,2010-01-26,3345,3375,3140,3365,386666,2.91
2487,2010-01-27,3400,3555,3270,3435,376515,2.08
2488,2010-01-28,3440,3440,3150,3155,250193,-8.15
2489,2010-01-29,3100,3245,3070,3160,191909,0.16
2490,2010-02-01,3150,3275,3150,3245,101858,2.69
2491,2010-02-02,3275,3275,3130,3130,157194,-3.54
2492,2010-02-03,3185,3340,3165,3280,145669,4.79
2493,2010-02-04,3290,3445,3290,3330,219579,1.52
2494,2010-02-05,3170,3220,3115,3220,176972,-3.3
2495,2010-02-08,3265,3345,3255,3260,124266,1.24
2496,2010-02-09,3260,3630,3205,3495,589470,7.21
2497,2010-02-10,3570,3615,3400,3470,279781,-0.72
2498,2010-02-11,3470,3680,3450,3670,422285,5.76
2499,2010-02-12,3700,3710,3520,3630,202106,-1.09
2500,2010-02-16,3670,3720,3590,3685,227843,1.52
2501,2010-02-17,3700,4185,3650,4000,1260556,8.55
2502,2010-02-18,4015,4030,3805,3855,380512,-3.63
2503,2010-02-19,3855,3885,3620,3630,376707,-5.84
2504,2010-02-22,3665,3770,3575,3645,195783,0.41
2505,2010-02-23,3680,3770,3610,3695,157752,1.37
2506,2010-02-24,3665,3695,3565,3575,211866,-3.25
2507,2010-02-25,3600,3605,3350,3460,291608,-3.22
2508,2010-02-26,3545,3545,3420,3500,76459,1.16
2509,2010-03-02,3560,3660,3510,3560,154581,1.71
2510,2010-03-03,3530,3595,3525,3570,89295,0.28
2511,2010-03-04,3590,3625,3405,3405,128878,-4.62
2512,2010-03-05,3420,3445,3350,3445,83186,1.17
2513,2010-03-08,3455,3650,3435,3600,163324,4.5
2514,2010-03-09,3600,3720,3545,3670,153531,1.94
2515,2010-03-10,3670,3975,3670,3945,589933,7.49
2516,2010-03-11,3980,3980,3845,3950,257787,0.13
2517,2010-03-12,4000,4090,3875,3990,402376,1.01
2518,2010-03-15,4005,4060,3815,3840,283363,-3.76
2519,2010-03-16,3750,3880,3740,3835,166255,-0.13
2520,2010-03-17,3845,3900,3780,3815,152285,-0.52
2521,2010-03-18,3790,3840,3760,3790,141722,-0.66
2522,2010-03-19,3805,3845,3750,3770,89817,-0.53
2523,2010-03-22,3800,3960,3770,3945,195838,4.64
2524,2010-03-23,4000,4100,3910,3955,154185,0.25
2525,2010-03-24,3985,3990,3720,3750,125022,-5.18
2526,2010-03-25,3700,3810,3685,3710,73321,-1.07
2527,2010-03-26,3670,3740,3630,3680,95141,-0.81
2528,2010-03-29,3620,3690,3500,3515,150355,-4.48
2529,2010-03-30,3645,3755,3545,3590,141128,2.13
2530,2010-03-31,3605,3660,3565,3605,68121,0.42
2531,2010-04-01,3610,3660,3580,3605,67212,0.0
2532,2010-04-02,3650,3655,3530,3605,44154,0.0
2533,2010-04-05,3635,3680,3450,3540,150127,-1.8
2534,2010-04-06,3545,3580,3455,3490,90252,-1.41
2535,2010-04-07,3500,3570,3455,3555,76694,1.86
2536,2010-04-08,3560,3560,3460,3460,94829,-2.67
2537,2010-04-09,3480,3495,3405,3440,86228,-0.58
2538,2010-04-12,3450,3450,3340,3340,108145,-2.91
2539,2010-04-13,3400,3400,3330,3365,41405,0.75
2540,2010-04-14,3385,3440,3345,3400,161899,1.04
2541,2010-04-15,3395,3430,3335,3350,49829,-1.47
2542,2010-04-16,3340,3415,3335,3400,58044,1.49
2543,2010-04-19,3335,3375,3310,3340,71363,-1.76
2544,2010-04-20,3390,3595,3355,3520,166148,5.39
2545,2010-04-21,3540,3920,3540,3705,641564,5.26
2546,2010-04-22,3770,3820,3660,3705,146540,0.0
2547,2010-04-23,3700,3750,3645,3660,124053,-1.21
2548,2010-04-26,3665,3860,3665,3790,151901,3.55
2549,2010-04-27,3770,4030,3740,4000,356902,5.54
2550,2010-04-28,3935,4070,3900,4020,212024,0.5
2551,2010-04-29,4020,4050,3930,3960,183531,-1.49
2552,2010-04-30,4035,4115,3900,3910,181683,-1.26
2553,2010-05-03,3930,4025,3845,3915,118519,0.13
2554,2010-05-04,4060,4080,3935,3960,116380,1.15
2555,2010-05-06,3875,3945,3750,3915,133520,-1.14
2556,2010-05-07,3725,3865,3620,3800,150123,-2.94
2557,2010-05-10,3800,3925,3750,3865,91355,1.71
2558,2010-05-11,3950,4440,3920,4440,974711,14.88
2559,2010-05-12,4800,5060,4590,4795,2871848,8.0
2560,2010-05-13,4840,5510,4705,5510,2669111,14.91
2561,2010-05-14,5510,5890,5390,5630,3098471,2.18
2562,2010-05-17,5600,5970,5490,5730,1539966,1.78
2563,2010-05-18,5750,5770,4920,4980,2155664,-13.09
2564,2010-05-19,4980,5160,4720,5100,1348093,2.41
2565,2010-05-20,5050,5180,4500,4755,865614,-6.76
2566,2010-05-24,4745,5460,4660,5170,2996599,8.73
2567,2010-05-25,5200,5390,4510,4510,1802447,-12.77
2568,2010-05-26,4600,4700,3880,3980,3408418,-11.75
2569,2010-05-27,3900,4140,3850,4030,1487974,1.26
2570,2010-05-28,4200,4580,4120,4350,3736376,7.94
2571,2010-05-31,4400,4430,4015,4075,1492246,-6.32
2572,2010-06-01,4100,4185,4000,4090,701876,0.37
2573,2010-06-03,4205,4295,4145,4145,732684,1.34
2574,2010-06-04,4145,4150,4050,4115,675652,-0.72
2575,2010-06-07,3990,3990,3900,3970,336904,-3.52
2576,2010-06-08,3945,4110,3945,4000,450221,0.76
2577,2010-06-09,4095,4130,3900,3930,552454,-1.75
2578,2010-06-10,3905,3980,3905,3950,240158,0.51
2579,2010-06-11,3980,4050,3915,4050,393383,2.53
2580,2010-06-14,4100,4130,3770,3835,1126352,-5.31
2581,2010-06-15,3840,3860,3800,3845,286220,0.26
2582,2010-06-16,3850,3875,3830,3865,174218,0.52
2583,2010-06-17,3855,3900,3825,3860,240962,-0.13
2584,2010-06-18,3860,3930,3850,3875,442475,0.39
2585,2010-06-21,3890,3945,3870,3940,189374,1.68
2586,2010-06-22,4000,4050,3800,3800,502327,-3.55
2587,2010-06-23,3795,3815,3730,3785,150269,-0.39
2588,2010-06-24,3845,3845,3745,3755,181205,-0.79
2589,2010-06-25,3950,3980,3750,3755,917275,0.0
2590,2010-06-28,3735,3760,3620,3660,416460,-2.53
2591,2010-06-29,3705,3705,3570,3585,381259,-2.05
2592,2010-06-30,3450,3500,3390,3500,197553,-2.37
2593,2010-07-01,3480,3550,3430,3495,155514,-0.14
2594,2010-07-02,3500,3590,3450,3590,181177,2.72
2595,2010-07-05,3630,3775,3575,3735,271768,4.04
2596,2010-07-06,3670,3710,3605,3700,165405,-0.94
2597,2010-07-07,3670,3780,3660,3780,226535,2.16
2598,2010-07-08,3785,3800,3660,3690,282525,-2.38
2599,2010-07-09,3800,3900,3495,3495,1139494,-5.28
2600,2010-07-12,3520,3520,3410,3460,245622,-1.0
2601,2010-07-13,3465,3600,3460,3470,298978,0.29
2602,2010-07-14,3490,3540,3480,3505,156697,1.01
2603,2010-07-15,3515,3520,3440,3440,142446,-1.85
2604,2010-07-16,3450,3480,3375,3425,137952,-0.44
2605,2010-07-19,3380,3450,3365,3425,69730,0.0
2606,2010-07-20,3400,3475,3395,3425,83530,0.0
2607,2010-07-21,3425,3465,3380,3380,74267,-1.31
2608,2010-07-22,3340,3425,3340,3380,207003,0.0
2609,2010-07-23,3400,3480,3385,3400,114971,0.59
2610,2010-07-26,3415,3470,3375,3375,213473,-0.74
2611,2010-07-27,3405,3405,3335,3360,107569,-0.44
2612,2010-07-28,3355,3395,3340,3385,102595,0.74
2613,2010-07-29,3400,3400,3345,3360,51340,-0.74
2614,2010-07-30,3350,3375,3320,3350,51921,-0.3
2615,2010-08-02,3340,3375,3305,3350,40027,0.0
2616,2010-08-03,3330,3380,3320,3370,86580,0.6
2617,2010-08-04,3340,3490,3300,3480,169597,3.26
2618,2010-08-05,3470,3495,3420,3495,45490,0.43
2619,2010-08-06,3450,3490,3425,3490,50684,-0.14
2620,2010-08-09,3480,3495,3450,3480,35717,-0.29
2621,2010-08-10,3535,3660,3485,3660,335965,5.17
2622,2010-08-11,3670,3685,3585,3655,219390,-0.14
2623,2010-08-12,3600,3640,3535,3550,245841,-2.87
2624,2010-08-13,3520,3650,3515,3650,88656,2.82
2625,2010-08-16,3650,3685,3550,3635,130598,-0.41
2626,2010-08-17,3635,3685,3585,3685,68030,1.38
2627,2010-08-18,3655,3710,3635,3675,56815,-0.27
2628,2010-08-19,3675,3685,3610,3645,39217,-0.82
2629,2010-08-20,3590,3670,3585,3670,50277,0.69
2630,2010-08-23,3635,3705,3525,3540,142465,-3.54
2631,2010-08-24,3545,3610,3540,3555,76862,0.42
2632,2010-08-25,3540,3540,3460,3475,213915,-2.25
2633,2010-08-26,3465,3530,3455,3530,35908,1.58
2634,2010-08-27,3460,3525,3460,3500,41357,-0.85
2635,2010-08-30,3475,3545,3465,3490,13555,-0.29
2636,2010-08-31,3440,3500,3395,3500,96884,0.29
2637,2010-09-01,3430,3500,3410,3490,63778,-0.29
2638,2010-09-02,3470,3625,3470,3550,53665,1.72
2639,2010-09-03,3510,3650,3510,3650,67890,2.82
2640,2010-09-06,3660,3670,3610,3645,29416,-0.14
2641,2010-09-07,3645,3645,3580,3620,28355,-0.69
2642,2010-09-08,3580,3650,3570,3625,67351,0.14
2643,2010-09-09,3625,3625,3500,3570,118066,-1.52
2644,2010-09-10,3540,3600,3505,3510,134879,-1.68
2645,2010-09-13,3510,3540,3500,3525,36507,0.43
2646,2010-09-14,3545,3590,3495,3590,94602,1.84
2647,2010-09-15,3570,3590,3500,3550,68427,-1.11
2648,2010-09-16,3510,3560,3500,3560,45505,0.28
2649,2010-09-17,3555,3555,3480,3480,103546,-2.25
2650,2010-09-20,3455,3500,3450,3460,145540,-0.57
2651,2010-09-24,3470,3590,3430,3590,73531,3.76
2652,2010-09-27,3575,3615,3530,3590,106483,0.0
2653,2010-09-28,3590,3625,3560,3590,59557,0.0
2654,2010-09-29,3565,3615,3555,3590,52437,0.0
2655,2010-09-30,3580,3600,3540,3590,24014,0.0
2656,2010-10-01,3570,3590,3515,3575,50328,-0.42
2657,2010-10-04,3575,3590,3500,3540,71644,-0.98
2658,2010-10-05,3540,3540,3500,3520,32387,-0.56
2659,2010-10-06,3540,3545,3485,3495,90976,-0.71
2660,2010-10-07,3465,3535,3460,3535,74038,1.14
2661,2010-10-08,3490,3510,3455,3495,104938,-1.13
2662,2010-10-11,3455,3570,3430,3430,246452,-1.86
2663,2010-10-12,3430,3460,3425,3460,167884,0.87
2664,2010-10-13,3450,3460,3420,3460,121791,0.0
2665,2010-10-14,3445,3535,3445,3535,80988,2.17
2666,2010-10-15,3535,3540,3485,3535,54025,0.0
2667,2010-10-18,3555,3685,3500,3500,484965,-0.99
2668,2010-10-19,3500,3520,3355,3355,482210,-4.14
2669,2010-10-20,3420,3505,3250,3255,1931426,-2.98
2670,2010-10-21,3320,3380,3170,3170,695693,-2.61
2671,2010-10-22,3175,3215,3165,3205,265401,1.1
2672,2010-10-25,3185,3270,3180,3250,177693,1.4
2673,2010-10-26,3240,3285,3230,3235,116578,-0.46
2674,2010-10-27,3230,3255,3170,3200,139882,-1.08
2675,2010-10-28,3200,3285,3200,3210,135949,0.31
2676,2010-10-29,3245,3250,3180,3205,86753,-0.16
2677,2010-11-01,3240,3240,3155,3190,117644,-0.47
2678,2010-11-02,3190,3210,3090,3120,113830,-2.19
2679,2010-11-03,3120,3160,3085,3150,97251,0.96
2680,2010-11-04,3200,3230,3150,3190,51641,1.27
2681,2010-11-05,3230,3240,3160,3170,51359,-0.63
2682,2010-11-08,3145,3200,3135,3175,61642,0.16
2683,2010-11-09,3170,3220,3160,3160,84849,-0.47
2684,2010-11-10,3195,3195,3120,3120,69043,-1.27
2685,2010-11-11,3125,3165,3070,3070,68906,-1.6
2686,2010-11-12,3090,3100,2920,2965,156860,-3.42
2687,2010-11-15,2965,2965,2800,2930,108531,-1.18
2688,2010-11-16,2900,3020,2880,2900,76571,-1.02
2689,2010-11-17,2880,2880,2625,2730,320308,-5.86
2690,2010-11-18,2700,2750,2685,2730,89337,0.0
2691,2010-11-19,2710,2785,2710,2755,56909,0.92
2692,2010-11-22,2705,2770,2705,2725,69673,-1.09
2693,2010-11-23,2690,2735,2665,2700,78129,-0.92
2694,2010-11-24,2530,2670,2520,2670,176185,-1.11
2695,2010-11-25,2700,2735,2620,2630,46383,-1.5
2696,2010-11-26,2600,2650,2530,2630,113453,0.0
2697,2010-11-29,2625,2870,2565,2795,94995,6.27
2698,2010-11-30,2740,2785,2620,2640,83945,-5.55
2699,2010-12-01,2640,2670,2620,2620,44906,-0.76
2700,2010-12-02,2620,2695,2620,2650,46088,1.15
2701,2010-12-03,2660,2770,2650,2725,91120,2.83
2702,2010-12-06,2735,2745,2685,2705,34820,-0.73
2703,2010-12-07,2710,2720,2685,2700,47323,-0.18
2704,2010-12-08,2700,2860,2670,2775,158954,2.78
2705,2010-12-09,2730,2835,2670,2710,123307,-2.34
2706,2010-12-10,2715,2770,2700,2725,53334,0.55
2707,2010-12-13,2710,2770,2690,2730,69086,0.18
2708,2010-12-14,2780,3135,2780,3135,888069,14.84
2709,2010-12-15,3400,3605,3400,3605,3033220,14.99
2710,2010-12-16,3450,3505,3175,3180,2276646,-11.79
2711,2010-12-17,3255,3655,3200,3655,2722073,14.94
2712,2010-12-20,3555,3670,3300,3410,3017602,-6.7
2713,2010-12-21,3500,3760,3175,3220,3361764,-5.57
2714,2010-12-22,3260,3365,3060,3190,1405001,-0.93
2715,2010-12-23,3110,3240,3075,3155,526544,-1.1
2716,2010-12-24,3190,3245,3085,3100,409388,-1.74
2717,2010-12-27,3110,3250,3075,3100,408053,0.0
2718,2010-12-28,3100,3185,3040,3185,317560,2.74
2719,2010-12-29,3175,3195,3075,3075,292732,-3.45
2720,2010-12-30,3100,3120,2915,2995,313068,-2.6
2721,2011-01-03,3000,3145,2905,3000,480409,0.17
2722,2011-01-04,3005,3110,3000,3025,218816,0.83
2723,2011-01-05,3035,3085,2940,2955,151539,-2.31
2724,2011-01-06,2970,2995,2860,2880,126075,-2.54
2725,2011-01-07,2910,2945,2865,2880,98180,0.0
2726,2011-01-10,2920,2950,2880,2900,63872,0.69
2727,2011-01-11,2940,3200,2895,3060,1034745,5.52
2728,2011-01-12,3030,3080,2905,2905,238354,-5.07
2729,2011-01-13,2905,2940,2795,2825,157191,-2.75
2730,2011-01-14,2835,2835,2730,2785,153417,-1.42
2731,2011-01-17,2770,2990,2770,2835,335427,1.8
2732,2011-01-18,2820,2870,2775,2835,77760,0.0
2733,2011-01-19,2835,2880,2780,2805,153791,-1.06
2734,2011-01-20,2810,2880,2795,2815,65999,0.36
2735,2011-01-21,2860,2860,2710,2710,86349,-3.73
2736,2011-01-24,2710,2765,2670,2670,69677,-1.48
2737,2011-01-25,2665,2710,2605,2605,90054,-2.43
2738,2011-01-26,2630,2675,2600,2610,66315,0.19
2739,2011-01-27,2605,2655,2605,2620,28713,0.38
2740,2011-01-28,2610,2675,2610,2650,94059,1.15
2741,2011-01-31,2630,2650,2575,2615,59177,-1.32
2742,2011-02-01,2675,2675,2590,2615,31044,0.0
2743,2011-02-07,2615,2710,2615,2700,59657,3.25
2744,2011-02-08,2670,2715,2670,2695,34560,-0.19
2745,2011-02-09,2695,2715,2615,2660,54711,-1.3
2746,2011-02-10,2670,2700,2635,2640,35431,-0.75
2747,2011-02-11,2640,2695,2615,2640,39398,0.0
2748,2011-02-14,2630,2730,2625,2655,63472,0.57
2749,2011-02-15,2620,2685,2620,2640,45920,-0.56
2750,2011-02-16,2625,2780,2625,2670,152326,1.14
2751,2011-02-17,2740,2770,2595,2655,98219,-0.56
2752,2011-02-18,2625,2665,2600,2625,47163,-1.13
2753,2011-02-21,2620,2670,2600,2625,56081,0.0
2754,2011-02-22,2600,2620,2530,2540,75453,-3.24
2755,2011-02-23,2495,2590,2460,2465,128689,-2.95
2756,2011-02-24,2470,2485,2370,2470,41052,0.2
2757,2011-02-25,2575,2695,2530,2540,155328,2.83
2758,2011-02-28,2500,2600,2500,2530,62554,-0.39
2759,2011-03-02,2475,2535,2460,2490,57011,-1.58
2760,2011-03-03,2490,2520,2480,2500,14386,0.4
2761,2011-03-04,2500,2600,2490,2540,73791,1.6
2762,2011-03-07,2590,2590,2505,2540,19737,0.0
2763,2011-03-08,2515,2585,2510,2555,65749,0.59
2764,2011-03-09,2610,2625,2535,2560,35802,0.2
2765,2011-03-10,2580,2580,2520,2540,19455,-0.78
2766,2011-03-11,2530,2595,2455,2595,136246,2.17
2767,2011-03-14,2580,2580,2440,2460,62712,-5.2
2768,2011-03-15,2420,2485,2340,2445,92150,-0.61
2769,2011-03-16,2405,2500,2380,2450,86728,0.2
2770,2011-03-17,2330,2405,2320,2340,33953,-4.49
2771,2011-03-18,2350,2405,2340,2395,83957,2.35
2772,2011-03-21,2375,2750,2350,2730,422183,13.99
2773,2011-03-22,2680,2785,2550,2615,241479,-4.21
2774,2011-03-23,2660,3005,2580,3005,737518,14.91
2775,2011-03-24,2960,3050,2800,2900,785603,-3.49
2776,2011-03-25,2915,3210,2860,2870,1346879,-1.03
2777,2011-03-28,2905,2970,2770,2810,277903,-2.09
2778,2011-03-29,2790,2870,2735,2735,169544,-2.67
2779,2011-03-30,2735,2740,2640,2730,174459,-0.18
2780,2011-03-31,2760,2785,2685,2690,109801,-1.47
2781,2011-04-01,2705,2745,2670,2735,112079,1.67
2782,2011-04-04,2775,2830,2740,2820,107310,3.11
2783,2011-04-05,2845,3170,2800,2850,537874,1.06
2784,2011-04-06,2870,2905,2785,2795,129945,-1.93
2785,2011-04-07,2845,3200,2830,3050,1100580,9.12
2786,2011-04-08,3030,3085,2860,2865,455351,-6.07
2787,2011-04-11,2885,2920,2800,2880,137678,0.52
2788,2011-04-12,2880,2885,2780,2830,96589,-1.74
2789,2011-04-13,2825,2930,2760,2930,106911,3.53
2790,2011-04-14,3000,3135,2900,2990,344710,2.05
2791,2011-04-15,2990,3070,2900,3000,71829,0.33
2792,2011-04-18,3030,3100,2960,2990,106644,-0.33
2793,2011-04-19,2990,3040,2900,3040,52867,1.67
2794,2011-04-20,3050,3075,2945,2985,87509,-1.81
2795,2011-04-21,3000,3040,2930,2935,108066,-1.68
2796,2011-04-22,2930,3000,2865,2895,71926,-1.36
2797,2011-04-25,2895,2960,2860,2900,62731,0.17
2798,2011-04-26,2950,2970,2850,2945,73921,1.55
2799,2011-04-27,2960,3005,2945,2960,64296,0.51
2800,2011-04-28,2995,3030,2890,2945,62500,-0.51
2801,2011-04-29,2920,2980,2830,2875,104937,-2.38
2802,2011-05-02,2805,2900,2805,2875,62194,0.0
2803,2011-05-03,2895,2925,2810,2810,49071,-2.26
2804,2011-05-04,2825,2920,2810,2845,31508,1.25
2805,2011-05-06,2890,2910,2840,2900,44980,1.93
2806,2011-05-09,2870,2970,2870,2900,77169,0.0
2807,2011-05-11,2885,2965,2860,2955,124128,1.9
2808,2011-05-12,2940,3110,2940,2980,122332,0.85
2809,2011-05-13,2990,3020,2980,3000,62406,0.67
2810,2011-05-16,3005,3045,2950,3015,51648,0.5
2811,2011-05-17,3010,3010,2890,2935,58802,-2.65
2812,2011-05-18,2935,2970,2790,2835,58116,-3.41
2813,2011-05-19,2800,2980,2785,2845,87651,0.35
2814,2011-05-20,2845,2900,2800,2810,16038,-1.23
2815,2011-05-23,2825,2885,2755,2755,17852,-1.96
2816,2011-05-24,2720,2805,2700,2760,28911,0.18
2817,2011-05-25,2785,2820,2750,2780,31254,0.72
2818,2011-05-26,2820,2820,2760,2805,12638,0.9
2819,2011-05-27,2830,2830,2770,2820,9380,0.53
2820,2011-05-30,2775,2820,2730,2795,18158,-0.89
2821,2011-05-31,2755,2810,2755,2790,17025,-0.18
2822,2011-06-01,2790,2800,2750,2790,19445,0.0
2823,2011-06-02,2720,2780,2705,2745,38556,-1.61
2824,2011-06-03,2760,2765,2700,2700,30394,-1.64
2825,2011-06-07,2700,2725,2605,2620,18830,-2.96
2826,2011-06-08,2580,2635,2515,2555,41704,-2.48
2827,2011-06-09,2565,2670,2510,2600,35021,1.76
2828,2011-06-10,2700,2940,2615,2640,95104,1.54
2829,2011-06-13,2695,2695,2400,2545,53689,-3.6
2830,2011-06-14,2495,2620,2495,2570,27594,0.98
2831,2011-06-15,2580,2610,2565,2580,11840,0.39
2832,2011-06-16,2575,2655,2560,2590,19778,0.39
2833,2011-06-17,2600,2690,2560,2635,23946,1.74
2834,2011-06-20,2660,2660,2560,2560,30307,-2.85
2835,2011-06-21,2495,2560,2400,2450,82715,-4.3
2836,2011-06-22,2450,2490,2395,2435,58339,-0.61
2837,2011-06-23,2400,2490,2400,2450,15940,0.62
2838,2011-06-24,2440,2535,2410,2530,74566,3.27
2839,2011-06-27,2545,2640,2500,2520,17765,-0.4
2840,2011-06-28,2575,2600,2470,2510,45175,-0.4
2841,2011-06-29,2510,2580,2500,2575,44180,2.59
2842,2011-06-30,2595,2595,2495,2530,20484,-1.75
2843,2011-07-01,2530,2565,2510,2545,16026,0.59
2844,2011-07-04,2545,2590,2520,2560,41562,0.59
2845,2011-07-05,2580,2580,2500,2560,75246,0.0
2846,2011-07-06,2560,2570,2520,2560,31744,0.0
2847,2011-07-07,2560,2620,2555,2590,75517,1.17
2848,2011-07-08,2590,2640,2590,2595,35151,0.19
2849,2011-07-11,2595,2740,2590,2630,109729,1.35
2850,2011-07-12,2610,2670,2575,2610,36695,-0.76
2851,2011-07-13,2630,2655,2550,2575,25364,-1.34
2852,2011-07-14,2630,2630,2570,2580,39243,0.19
2853,2011-07-15,2560,2640,2560,2640,39726,2.33
2854,2011-07-18,2630,2905,2630,2840,189661,7.58
2855,2011-07-19,2920,3085,2800,2840,608081,0.0
2856,2011-07-20,2840,2855,2750,2790,85772,-1.76
2857,2011-07-21,2820,2820,2735,2780,29192,-0.36
2858,2011-07-22,2820,2845,2780,2815,56195,1.26
2859,2011-07-25,2800,2840,2780,2800,48555,-0.53
2860,2011-07-26,2785,2850,2785,2845,43233,1.61
2861,2011-07-27,2845,2880,2790,2865,56852,0.7
2862,2011-07-28,2865,2875,2805,2865,42483,0.0
2863,2011-07-29,2895,2915,2855,2895,55147,1.05
2864,2011-08-01,2895,3010,2895,2965,78545,2.42
2865,2011-08-02,2970,3000,2900,2940,54803,-0.84
2866,2011-08-03,2935,3080,2830,2935,155914,-0.17
2867,2011-08-04,2970,2995,2840,2925,38119,-0.34
2868,2011-08-05,2865,2865,2700,2785,146644,-4.79
2869,2011-08-08,2730,2900,2410,2570,113902,-7.72
2870,2011-08-09,2400,2560,2185,2420,186245,-5.84
2871,2011-08-10,2525,2580,2310,2430,115808,0.41
2872,2011-08-11,2260,2500,2260,2470,133848,1.65
2873,2011-08-12,2550,2580,2430,2485,71014,0.61
2874,2011-08-16,2520,2635,2520,2585,103476,4.02
2875,2011-08-17,2585,2680,2540,2585,54407,0.0
2876,2011-08-18,2585,2690,2540,2650,157688,2.51
2877,2011-08-19,2520,2590,2440,2450,82939,-7.55
2878,2011-08-22,2500,2690,2490,2555,92286,4.29
2879,2011-08-23,2565,2640,2500,2520,52590,-1.37
2880,2011-08-24,2590,2590,2455,2460,52109,-2.38
2881,2011-08-25,2475,2545,2400,2450,45083,-0.41
2882,2011-08-26,2370,2550,2370,2490,28053,1.63
2883,2011-08-29,2520,2580,2485,2535,82343,1.81
2884,2011-08-30,2550,2575,2500,2545,59376,0.39
2885,2011-08-31,2505,2730,2505,2635,268775,3.54
2886,2011-09-01,2690,2745,2600,2630,113678,-0.19
2887,2011-09-02,2620,2710,2570,2645,61697,0.57
2888,2011-09-05,2605,2610,2500,2540,69228,-3.97
2889,2011-09-06,2470,2535,2435,2480,35849,-2.36
2890,2011-09-07,2495,2550,2485,2510,38921,1.21
2891,2011-09-08,2550,2610,2450,2530,78376,0.8
2892,2011-09-09,2480,2660,2480,2535,30095,0.2
2893,2011-09-14,2570,2570,2400,2430,115331,-4.14
2894,2011-09-15,2530,2530,2395,2405,37717,-1.03
2895,2011-09-16,2415,2470,2405,2435,31994,1.25
2896,2011-09-19,2470,2590,2440,2500,135907,2.67
2897,2011-09-20,2445,2610,2445,2610,138401,4.4
2898,2011-09-21,2570,2630,2560,2575,81230,-1.34
2899,2011-09-22,2570,2630,2530,2575,97071,0.0
2900,2011-09-23,2410,2510,2400,2405,111421,-6.6
2901,2011-09-26,2430,2490,2130,2280,105559,-5.2
2902,2011-09-27,2280,2365,2280,2345,76786,2.85
2903,2011-09-28,2380,2445,2360,2400,43525,2.35
2904,2011-09-29,2310,2425,2275,2415,27399,0.63
2905,2011-09-30,2370,2440,2310,2310,61492,-4.35
2906,2011-10-04,2230,2300,2220,2230,36634,-3.46
2907,2011-10-05,2250,2300,2175,2245,63343,0.67
2908,2011-10-06,2340,2375,2280,2330,46546,3.79
2909,2011-10-07,2430,2500,2350,2495,51941,7.08
2910,2011-10-10,2520,2520,2440,2445,23720,-2.0
2911,2011-10-11,2490,2490,2415,2445,60631,0.0
2912,2011-10-12,2415,2450,2380,2445,27964,0.0
2913,2011-10-13,2505,2505,2405,2500,38104,2.25
2914,2011-10-14,2500,2500,2455,2490,36408,-0.4
2915,2011-10-17,2500,2560,2475,2490,27724,0.0
2916,2011-10-18,2405,2690,2405,2650,270035,6.43
2917,2011-10-19,2630,2680,2500,2500,126035,-5.66
2918,2011-10-20,2550,2790,2500,2715,351402,8.6
2919,2011-10-21,2740,2880,2695,2700,206142,-0.55
2920,2011-10-24,2780,2800,2720,2745,112081,1.67
2921,2011-10-25,2760,2770,2630,2630,58893,-4.19
2922,2011-10-26,2810,3020,2810,3020,540499,14.83
2923,2011-10-27,3100,3470,3060,3470,1838883,14.9
2924,2011-10-28,3470,3590,3215,3215,1442188,-7.35
2925,2011-10-31,3190,3390,3190,3310,522412,2.95
2926,2011-11-01,3385,3805,3360,3805,1702426,14.95
2927,2011-11-02,4035,4375,3845,4375,5919876,14.98
2928,2011-11-03,4400,4625,4205,4540,4793280,3.77
2929,2011-11-04,4580,4675,4350,4540,2373773,0.0
2930,2011-11-07,4560,4590,4385,4490,1602819,-1.1
2931,2011-11-08,4420,4480,4080,4185,1671290,-6.79
2932,2011-11-09,4260,4360,4120,4250,1704334,1.55
2933,2011-11-10,4120,4120,3850,3900,783946,-8.24
2934,2011-11-11,4005,4485,3905,4485,2563366,15.0
2935,2011-11-14,4700,5150,4635,4935,3926060,10.03
2936,2011-11-15,4810,5050,4690,4825,2039406,-2.23
2937,2011-11-16,4825,4925,4165,4300,2179377,-10.88
2938,2011-11-17,4255,4510,4190,4280,1498016,-0.47
2939,2011-11-18,4220,4480,4185,4215,1007912,-1.52
2940,2011-11-21,4210,4400,3940,4020,882860,-4.63
2941,2011-11-22,4140,4450,4100,4275,1094103,6.34
2942,2011-11-23,4370,4370,3805,3900,663101,-8.77
2943,2011-11-24,3900,3900,3655,3700,511071,-5.13
2944,2011-11-25,3740,3870,3390,3430,813479,-7.3
2945,2011-11-28,3465,3580,3420,3425,409235,-0.15
2946,2011-11-29,3550,3630,3440,3575,500592,4.38
2947,2011-11-30,3625,3790,3610,3700,456009,3.5
2948,2011-12-01,3830,3875,3670,3700,504572,0.0
2949,2011-12-02,3600,3770,3525,3555,359374,-3.92
2950,2011-12-05,3650,3775,3625,3685,410094,3.66
2951,2011-12-06,3720,3730,3485,3500,407101,-5.02
2952,2011-12-07,3520,3560,3420,3450,277276,-1.43
2953,2011-12-08,3415,3530,3050,3305,375061,-4.2
2954,2011-12-09,3175,3255,3120,3200,322351,-3.18
2955,2011-12-12,3260,3615,3240,3475,871660,8.59
2956,2011-12-13,3385,3995,3360,3995,1629635,14.96
2957,2011-12-14,3930,3930,3625,3660,1003780,-8.39
2958,2011-12-15,3645,4065,3595,3700,1585712,1.09
2959,2011-12-16,3780,3840,3590,3590,451894,-2.97
2960,2011-12-19,3605,3830,3160,3260,782980,-9.19
2961,2011-12-20,3285,3710,3285,3650,780521,11.96
2962,2011-12-21,3780,3780,3610,3640,457260,-0.27
2963,2011-12-22,3700,3765,3630,3640,341987,0.0
2964,2011-12-23,3715,3890,3665,3700,686215,1.65
2965,2011-12-26,3790,3830,3630,3660,242930,-1.08
2966,2011-12-27,3825,4100,3600,3710,1385300,1.37
2967,2011-12-28,3745,3750,3555,3575,340333,-3.64
2968,2011-12-29,3575,3575,3395,3405,270700,-4.76
2969,2012-01-02,3425,3535,3350,3465,238637,1.76
2970,2012-01-03,3590,3720,3500,3645,383943,5.19
2971,2012-01-04,3710,3870,3645,3725,633534,2.19
2972,2012-01-05,3730,3840,3700,3700,278309,-0.67
2973,2012-01-06,3655,3935,3655,3935,525589,6.35
2974,2012-01-09,3850,4050,3790,4000,718223,1.65
2975,2012-01-10,4060,4315,4020,4045,1215407,1.12
2976,2012-01-11,4055,4100,3930,3970,267716,-1.85
2977,2012-01-12,3975,4240,3870,4195,712789,5.67
2978,2012-01-13,4250,4310,4110,4125,331002,-1.67
2979,2012-01-16,4095,4430,4000,4095,862208,-0.73
2980,2012-01-17,4105,4170,3970,3985,221235,-2.69
2981,2012-01-18,4000,4060,3830,3845,186007,-3.51
2982,2012-01-19,3920,3925,3720,3730,140681,-2.99
2983,2012-01-20,3780,3785,3530,3640,152446,-2.41
2984,2012-01-25,3650,3770,3650,3730,104732,2.47
2985,2012-01-26,3875,3885,3765,3810,123502,2.14
2986,2012-01-27,3840,3840,3705,3760,108051,-1.31
2987,2012-01-30,3710,3760,3610,3620,167016,-3.72
2988,2012-01-31,3730,3765,3630,3760,134643,3.87
2989,2012-02-01,3790,3790,3720,3730,113193,-0.8
2990,2012-02-02,3755,4070,3755,3880,436260,4.02
2991,2012-02-03,3850,4045,3810,3995,236572,2.96
2992,2012-02-06,4080,4105,3935,3980,249840,-0.38
2993,2012-02-07,4035,4295,4015,4235,1015077,6.41
2994,2012-02-08,4870,4870,4870,4870,179653,14.99
2995,2012-02-09,5600,5600,5250,5600,3951293,14.99
2996,2012-02-10,5330,6390,4765,5050,6630757,-9.82
2997,2012-02-13,5000,5600,5000,5400,1894033,6.93
2998,2012-02-14,5450,5650,5260,5420,788171,0.37
2999,2012-02-15,5420,5520,5010,5090,650203,-6.09
3000,2012-02-16,5090,5310,4995,5070,465229,-0.39
3001,2012-02-17,5070,5440,5070,5070,556228,0.0
3002,2012-02-20,5030,5200,5020,5160,330530,1.78
3003,2012-02-21,5180,5310,5090,5160,357303,0.0
3004,2012-02-22,5180,5590,5160,5440,822889,5.43
3005,2012-02-23,6000,6250,5880,6250,1652573,14.89
3006,2012-02-24,6450,7100,6070,6450,3391204,3.2
3007,2012-02-27,6540,6570,6040,6040,1192378,-6.36
3008,2012-02-28,5910,6030,5640,5770,568326,-4.47
3009,2012-02-29,5790,6150,5640,6090,782644,5.55
3010,2012-03-02,6000,6080,5800,5860,396884,-3.78
3011,2012-03-05,5800,5840,5310,5690,699646,-2.9
3012,2012-03-06,5590,6040,5430,5770,523436,1.41
3013,2012-03-07,5550,5840,5530,5630,230607,-2.43
3014,2012-03-08,5570,5720,5510,5560,174950,-1.24
3015,2012-03-09,5560,5780,5540,5650,337217,1.62
3016,2012-03-12,5610,5870,5340,5430,436798,-3.89
3017,2012-03-13,5350,6090,5350,5740,1438142,5.71
3018,2012-03-14,5680,5920,5540,5540,437615,-3.48
3019,2012-03-15,5520,5890,5400,5750,639214,3.79
3020,2012-03-16,5660,5950,5660,5830,422019,1.39
3021,2012-03-19,5840,5940,5760,5820,262104,-0.17
3022,2012-03-20,5890,6010,5850,5860,369726,0.69
3023,2012-03-21,5870,5920,5650,5650,198412,-3.58
3024,2012-03-22,5710,5770,5280,5300,326084,-6.19
3025,2012-03-23,5300,5450,5300,5350,104735,0.94
3026,2012-03-26,5330,5470,5080,5170,152367,-3.36
3027,2012-03-27,5170,5420,5170,5300,144794,2.51
3028,2012-03-28,5270,5420,5130,5130,98900,-3.21
3029,2012-03-29,5150,5460,5100,5460,146502,6.43
3030,2012-03-30,5440,5510,5340,5470,176483,0.18
3031,2012-04-02,5470,5510,5360,5370,67922,-1.83
3032,2012-04-03,5420,5420,5080,5080,121398,-5.4
3033,2012-04-04,5100,5370,5070,5150,277787,1.38
3034,2012-04-05,5080,5240,5010,5140,111703,-0.19
3035,2012-04-06,5150,5230,5050,5050,84413,-1.75
3036,2012-04-09,5000,5010,4600,4620,140807,-8.51
3037,2012-04-10,4650,5240,4650,4800,325065,3.9
3038,2012-04-12,4800,5070,4730,4920,61119,2.5
3039,2012-04-13,5000,5010,4845,4870,90762,-1.02
3040,2012-04-16,4875,5200,4865,5140,153894,5.54
3041,2012-04-17,5080,5630,5080,5330,572086,3.7
3042,2012-04-18,5350,5480,5240,5260,158423,-1.31
3043,2012-04-19,5290,5380,5120,5210,104072,-0.95
3044,2012-04-20,5130,5360,5130,5250,180204,0.77
3045,2012-04-23,5290,5370,5100,5110,131244,-2.67
3046,2012-04-24,4935,5000,4780,4790,130731,-6.26
3047,2012-04-25,4840,4930,4620,4620,97536,-3.55
3048,2012-04-26,4700,4775,4495,4510,98507,-2.38
3049,2012-04-27,4510,4630,4470,4550,76213,0.89
3050,2012-04-30,4590,4750,4220,4220,72368,-7.25
3051,2012-05-02,4250,4375,4195,4315,92876,2.25
3052,2012-05-03,4255,4550,4255,4545,92582,5.33
3053,2012-05-04,4495,4955,4465,4820,294239,6.05
3054,2012-05-07,4650,4915,4630,4730,84170,-1.87
3055,2012-05-08,4730,4940,4705,4940,91574,4.44
3056,2012-05-09,4940,5040,4870,4940,108310,0.0
3057,2012-05-10,5150,5440,4910,4915,363502,-0.51
3058,2012-05-11,4955,4955,4700,4755,78524,-3.26
3059,2012-05-14,4710,4920,4710,4800,95990,0.95
3060,2012-05-15,4725,4770,4520,4560,70815,-5.0
3061,2012-05-16,4485,4650,4265,4265,67206,-6.47
3062,2012-05-17,4330,4420,3630,4130,139437,-3.17
3063,2012-05-18,4025,4100,3855,3970,133973,-3.87
3064,2012-05-21,3855,4040,3850,3890,80060,-2.02
3065,2012-05-22,3950,4080,3900,3950,134599,1.54
3066,2012-05-23,4000,4140,3760,3800,156416,-3.8
3067,2012-05-24,3305,3565,3230,3230,2422819,-15.0
3068,2012-05-25,3300,3325,3140,3180,845299,-1.55
3069,2012-05-29,3155,3240,3130,3140,453098,-1.26
3070,2012-05-30,3165,3175,3085,3145,336107,0.16
3071,2012-05-31,3100,3170,3065,3095,231438,-1.59
3072,2012-06-01,3100,3150,3075,3080,239312,-0.48
3073,2012-06-04,2945,2965,2650,2660,759889,-13.64
3074,2012-06-05,2710,2780,2705,2730,212949,2.63
3075,2012-06-07,2810,2835,2780,2780,255651,1.83
3076,2012-06-08,2790,2815,2690,2700,280726,-2.88
3077,2012-06-11,2800,2825,2740,2775,205392,2.78
3078,2012-06-12,2770,2915,2710,2815,687466,1.44
3079,2012-06-13,2855,2885,2810,2810,261166,-0.18
3080,2012-06-14,2830,2910,2780,2830,299995,0.71
3081,2012-06-15,2850,2850,2715,2720,219926,-3.89
3082,2012-06-18,2760,2800,2740,2775,161963,2.02
3083,2012-06-19,2765,3035,2765,2920,858946,5.23
3084,2012-06-20,2960,2975,2840,2965,304019,1.54
3085,2012-06-21,3065,3150,2960,2990,539256,0.84
3086,2012-06-22,2925,2960,2885,2940,202714,-1.67
3087,2012-06-25,2985,3040,2945,2980,291364,1.36
3088,2012-06-26,2950,3060,2905,3005,255829,0.84
3089,2012-06-27,3075,3075,2925,2955,255343,-1.66
3090,2012-06-28,2960,2990,2915,2915,131277,-1.35
3091,2012-06-29,2970,3060,2960,2975,345978,2.06
3092,2012-07-02,3020,3120,2950,3045,317106,2.35
3093,2012-07-03,3050,3095,3010,3040,254487,-0.16
3094,2012-07-04,3050,3140,3045,3080,244309,1.32
3095,2012-07-05,3080,3100,3045,3085,142587,0.16
3096,2012-07-06,3070,3085,2990,3000,173642,-2.76
3097,2012-07-09,3000,3015,2960,3000,93460,0.0
3098,2012-07-10,3015,3080,2990,3005,219250,0.17
3099,2012-07-11,3045,3055,2990,2995,126514,-0.33
3100,2012-07-12,3010,3060,2965,2965,268029,-1.0
3101,2012-07-13,2985,3010,2810,2940,235505,-0.84
3102,2012-07-16,2970,3005,2930,2935,81398,-0.17
3103,2012-07-17,2935,2960,2900,2910,113005,-0.85
3104,2012-07-18,2920,2950,2800,2850,153306,-2.06
3105,2012-07-19,2865,2900,2830,2835,89374,-0.53
3106,2012-07-20,2840,2920,2800,2885,143240,1.76
3107,2012-07-23,2940,2945,2770,2800,203426,-2.95
3108,2012-07-24,2760,2840,2760,2810,182889,0.36
3109,2012-07-25,2790,2790,2650,2655,159892,-5.52
3110,2012-07-26,2680,2700,2630,2655,93216,0.0
3111,2012-07-27,2695,2710,2650,2670,77287,0.56
3112,2012-07-30,2675,2705,2645,2655,92063,-0.56
3113,2012-07-31,2650,2790,2640,2720,160310,2.45
3114,2012-08-01,2720,2810,2695,2785,108780,2.39
3115,2012-08-02,2800,2875,2750,2790,125420,0.18
3116,2012-08-03,2790,2840,2725,2735,44527,-1.97
3117,2012-08-06,2750,2795,2720,2735,49821,0.0
3118,2012-08-07,2740,2755,2720,2740,62026,0.18
3119,2012-08-08,2780,2780,2730,2745,61921,0.18
3120,2012-08-09,2740,2765,2730,2745,96389,0.0
3121,2012-08-10,2740,2765,2715,2760,138655,0.55
3122,2012-08-13,2780,3060,2760,2915,1327048,5.62
3123,2012-08-14,2930,3015,2860,2950,289263,1.2
3124,2012-08-16,2955,3050,2880,3000,240854,1.69
3125,2012-08-17,3015,3015,2925,2955,111637,-1.5
3126,2012-08-20,2965,3140,2965,3015,543590,2.03
3127,2012-08-21,3030,3045,2925,2935,184845,-2.65
3128,2012-08-22,2915,2970,2900,2925,163978,-0.34
3129,2012-08-23,2945,3045,2930,3035,265030,3.76
3130,2012-08-24,3070,3440,3070,3130,1910924,3.13
3131,2012-08-27,3150,3200,3065,3125,281242,-0.16
3132,2012-08-28,3125,3375,3100,3240,695203,3.68
3133,2012-08-29,3270,3340,3200,3300,306427,1.85
3134,2012-08-30,3310,3340,3200,3215,215168,-2.58
3135,2012-08-31,3180,3185,3080,3100,258490,-3.58
3136,2012-09-03,3125,3220,3105,3220,169900,3.87
3137,2012-09-04,3210,3245,3050,3080,233331,-4.35
3138,2012-09-05,3080,3130,3020,3020,126009,-1.95
3139,2012-09-06,3070,3075,3000,3000,99592,-0.66
3140,2012-09-07,3035,3085,3000,3070,121124,2.33
3141,2012-09-10,3085,3230,3075,3220,289427,4.89
3142,2012-09-11,3225,3250,3160,3220,120992,0.0
3143,2012-09-12,3220,3305,3185,3290,166859,2.17
3144,2012-09-13,3290,3315,3210,3240,142120,-1.52
3145,2012-09-14,3270,3285,3180,3220,142546,-0.62
3146,2012-09-17,3230,3245,3150,3155,96532,-2.02
3147,2012-09-18,3175,3280,3170,3235,148331,2.54
3148,2012-09-19,3270,3270,3185,3225,164230,-0.31
3149,2012-09-20,3290,3475,3265,3390,719661,5.12
3150,2012-09-21,3400,3440,3305,3360,262443,-0.88
3151,2012-09-24,3450,3690,3415,3440,580347,2.38
3152,2012-09-25,3410,3415,3255,3320,238551,-3.49
3153,2012-09-26,3295,3350,3260,3320,126821,0.0
3154,2012-09-27,3270,3300,3145,3175,169988,-4.37
3155,2012-09-28,3180,3200,3130,3165,90539,-0.31
3156,2012-10-02,3215,3220,3135,3140,93787,-0.79
3157,2012-10-04,3150,3220,3150,3170,72308,0.96
3158,2012-10-05,3195,3200,3070,3070,191496,-3.15
3159,2012-10-08,3060,3090,3025,3080,113686,0.33
3160,2012-10-09,3090,3175,3085,3135,131459,1.79
3161,2012-10-10,3130,3145,3075,3080,96681,-1.75
3162,2012-10-11,3030,3130,3020,3130,104888,1.62
3163,2012-10-12,3150,3160,3075,3130,103037,0.0
3164,2012-10-15,3145,3145,2970,3000,245097,-4.15
3165,2012-10-16,3005,3015,2845,2950,268737,-1.67
3166,2012-10-17,2950,3050,2950,2995,110843,1.53
3167,2012-10-18,3025,3030,2925,2925,112255,-2.34
3168,2012-10-19,2920,3025,2905,3000,131049,2.56
3169,2012-10-22,2930,3110,2920,3110,125097,3.67
3170,2012-10-23,3100,3100,3035,3075,94220,-1.13
3171,2012-10-24,3090,3110,3020,3100,59503,0.81
3172,2012-10-25,3110,3140,3075,3125,103521,0.81
3173,2012-10-26,3160,3390,3135,3150,955011,0.8
3174,2012-10-29,3165,3195,3000,3025,217202,-3.97
3175,2012-10-30,3000,3090,2985,3010,97929,-0.5
3176,2012-10-31,3080,3110,3010,3040,75167,1.0
3177,2012-11-01,3100,3145,3015,3115,186386,2.47
3178,2012-11-02,3180,3180,3120,3150,81364,1.12
3179,2012-11-05,3150,3180,3100,3105,121917,-1.43
3180,2012-11-06,3105,3155,3075,3150,122822,1.45
3181,2012-11-07,3185,3210,3120,3195,145877,1.43
3182,2012-11-08,3125,3290,3110,3270,151412,2.35
3183,2012-11-09,3235,3330,3170,3220,84216,-1.53
3184,2012-11-12,3215,3285,3140,3275,125834,1.71
3185,2012-11-13,3250,3300,3110,3110,98524,-5.04
3186,2012-11-14,3100,3160,2925,2960,143874,-4.82
3187,2012-11-15,2860,2915,2630,2720,246291,-8.11
3188,2012-11-16,2700,2735,2630,2655,108683,-2.39
3189,2012-11-19,2645,2740,2645,2725,118063,2.64
3190,2012-11-20,2735,2785,2725,2740,67712,0.55
3191,2012-11-21,2720,2775,2670,2750,62551,0.36
3192,2012-11-22,2730,2820,2730,2775,55511,0.91
3193,2012-11-23,2750,2805,2700,2700,106802,-2.7
3194,2012-11-26,2730,2740,2670,2690,74188,-0.37
3195,2012-11-27,2675,2715,2670,2685,43470,-0.19
3196,2012-11-28,2645,2700,2645,2655,41728,-1.12
3197,2012-11-29,2680,2730,2660,2715,42499,2.26
3198,2012-11-30,2720,2730,2685,2695,25884,-0.74
3199,2012-12-03,2710,2725,2655,2680,23253,-0.56
3200,2012-12-04,2680,2715,2645,2690,50540,0.37
3201,2012-12-05,2685,2770,2660,2770,85032,2.97
3202,2012-12-06,2715,2770,2700,2730,132532,-1.44
3203,2012-12-07,2730,2755,2685,2700,112918,-1.1
3204,2012-12-10,2690,2730,2680,2705,61047,0.19
3205,2012-12-11,2670,2745,2670,2685,43511,-0.74
3206,2012-12-12,2690,2720,2675,2715,35134,1.12
3207,2012-12-13,2695,2900,2695,2840,347080,4.6
3208,2012-12-14,2805,2860,2780,2805,47423,-1.23
3209,2012-12-17,2800,2845,2790,2815,30359,0.36
3210,2012-12-18,2805,2845,2765,2815,55657,0.0
3211,2012-12-20,2770,2830,2770,2820,55563,0.18
3212,2012-12-21,2830,2830,2730,2745,66385,-2.66
3213,2012-12-24,2740,2775,2735,2740,76918,-0.18
3214,2012-12-26,2740,2850,2725,2725,116288,-0.55
3215,2012-12-27,2720,2770,2715,2760,85452,1.28
3216,2012-12-28,2785,2850,2765,2835,59983,2.72
3217,2013-01-02,2895,2895,2830,2875,54697,1.41
3218,2013-01-03,2865,2885,2840,2840,44446,-1.22
3219,2013-01-04,2845,2880,2840,2875,26932,1.23
3220,2013-01-07,2855,3150,2855,2970,620846,3.3
3221,2013-01-08,2985,3390,2945,3200,745879,7.74
3222,2013-01-09,3255,3255,3085,3090,333421,-3.44
3223,2013-01-10,3105,3220,3080,3165,157261,2.43
3224,2013-01-11,3170,3195,3060,3090,147315,-2.37
3225,2013-01-14,3070,3115,3030,3080,98157,-0.32
3226,2013-01-15,3080,3170,3040,3110,105727,0.97
3227,2013-01-16,3100,3300,3100,3235,475324,4.02
3228,2013-01-17,3225,3350,3200,3260,282089,0.77
3229,2013-01-18,3285,3620,3200,3205,2341011,-1.69
3230,2013-01-21,3205,3285,3120,3205,302050,0.0
3231,2013-01-22,3205,3270,3095,3115,276679,-2.81
3232,2013-01-23,3150,3160,3070,3125,138762,0.32
3233,2013-01-24,3160,3160,3050,3070,119900,-1.76
3234,2013-01-25,3075,3120,2985,3025,154705,-1.47
3235,2013-01-28,3030,3195,3030,3125,250530,3.31
3236,2013-01-29,3130,3205,3100,3125,230979,0.0
3237,2013-01-30,3145,3555,3120,3420,3342579,9.44
3238,2013-01-31,3400,3410,3290,3350,413595,-2.05
3239,2013-02-01,3350,3350,3200,3255,368359,-2.84
3240,2013-02-04,3280,3370,3235,3235,246047,-0.61
3241,2013-02-05,3200,3250,3140,3180,157537,-1.7
3242,2013-02-06,3220,3350,3205,3225,237969,1.42
3243,2013-02-07,3230,3345,3220,3345,185637,3.72
3244,2013-02-08,3320,3365,3265,3330,154305,-0.45
3245,2013-02-12,3365,3370,3205,3205,153890,-3.75
3246,2013-02-13,3210,3255,3190,3235,128497,0.94
3247,2013-02-14,3225,3315,3220,3285,103748,1.55
3248,2013-02-15,3320,3320,3220,3235,112723,-1.52
3249,2013-02-18,3320,3475,3285,3380,532021,4.48
3250,2013-02-19,3370,3395,3290,3325,159951,-1.63
3251,2013-02-20,3355,3415,3305,3320,252317,-0.15
3252,2013-02-21,3305,3375,3290,3295,147647,-0.75
3253,2013-02-22,3335,3530,3315,3315,573729,0.61
3254,2013-02-25,3340,3390,3315,3330,113191,0.45
3255,2013-02-26,3310,3350,3210,3260,206137,-2.1
3256,2013-02-27,3250,3325,3245,3285,135491,0.77
3257,2013-02-28,3340,3375,3280,3295,131907,0.3
3258,2013-03-04,3310,3335,3285,3315,186567,0.61
3259,2013-03-05,3350,3445,3335,3410,332369,2.87
3260,2013-03-06,3450,3455,3370,3450,265307,1.17
3261,2013-03-07,3490,3490,3365,3430,230970,-0.58
3262,2013-03-08,3440,3490,3370,3410,151844,-0.58
3263,2013-03-11,3420,3430,3250,3335,254311,-2.2
3264,2013-03-12,3315,3390,3315,3375,101068,1.2
3265,2013-03-13,3425,3440,3335,3395,141366,0.59
3266,2013-03-14,3420,3430,3330,3395,169358,0.0
3267,2013-03-15,3400,3430,3340,3370,229093,-0.74
3268,2013-03-18,3380,3380,3195,3230,192862,-4.15
3269,2013-03-19,3210,3295,3210,3270,81347,1.24
3270,2013-03-20,3305,3305,3245,3245,97754,-0.76
3271,2013-03-21,3250,3300,3245,3275,81852,0.92
3272,2013-03-22,3330,3650,3315,3555,1244391,8.55
3273,2013-03-25,3590,4085,3590,4085,2455651,14.91
3274,2013-03-26,4380,4695,4365,4695,1971599,14.93
3275,2013-03-27,5010,5270,4950,5150,6244051,9.69
3276,2013-03-28,5060,5600,5010,5230,6798682,1.55
3277,2013-03-29,5130,5480,5080,5300,4714075,1.34
3278,2013-04-01,0,0,0,5300,0,0.0
3279,2013-04-02,5930,6090,5930,6090,848882,14.91
3280,2013-04-03,5980,6260,5950,5950,877931,-2.3
3281,2013-04-04,6120,6360,6050,6360,968109,6.89
3282,2013-04-05,6220,6310,6150,6250,620594,-1.73
3283,2013-04-08,6390,6500,5320,5320,2532149,-14.88
3284,2013-04-09,5220,5460,4840,4970,2123078,-6.58
3285,2013-04-10,5090,5610,5050,5300,3999675,6.64
3286,2013-04-11,5500,6090,5230,6090,2877002,14.91
3287,2013-04-12,6300,6760,5810,5960,3808557,-2.13
3288,2013-04-15,6100,6570,6000,6410,2899630,7.55
3289,2013-04-16,6280,6300,5830,6170,2138230,-3.74
3290,2013-04-17,6170,6340,5610,5610,1752720,-9.08
3291,2013-04-18,5590,5870,5550,5700,1485294,1.6
3292,2013-04-19,5850,5880,4850,4850,2171178,-14.91
3293,2013-04-22,4660,5080,4590,4930,1526474,1.65
3294,2013-04-23,4975,5460,4970,5090,2093103,3.25
3295,2013-04-24,5160,5250,5000,5200,874116,2.16
3296,2013-04-25,5130,5210,4750,4750,897835,-8.65
3297,2013-04-26,4805,5050,4735,5000,684267,5.26
3298,2013-04-29,5000,5040,4840,4940,469268,-1.2
3299,2013-04-30,4940,5400,4940,5090,1613763,3.04
3300,2013-05-02,5070,5280,4960,5100,972363,0.2
3301,2013-05-03,5130,5300,4990,5300,1280498,3.92
3302,2013-05-06,5370,5370,4995,5040,740448,-4.91
3303,2013-05-07,5080,5240,4900,5000,1059982,-0.79
3304,2013-05-08,5000,5090,4870,4900,544580,-2.0
3305,2013-05-09,4945,5180,4920,5090,845631,3.88
3306,2013-05-10,5090,5090,4900,4920,377977,-3.34
3307,2013-05-13,4920,4945,4655,4655,392682,-5.39
3308,2013-05-14,4655,4790,4600,4710,266358,1.18
3309,2013-05-15,4710,4920,4710,4800,320282,1.91
3310,2013-05-16,4895,4960,4805,4805,268841,0.1
3311,2013-05-20,4800,4860,4750,4825,176433,0.42
3312,2013-05-21,4825,4960,4790,4880,282874,1.14
3313,2013-05-22,4935,5150,4880,4880,637716,0.0
3314,2013-05-23,4860,4870,4700,4700,384232,-3.69
3315,2013-05-24,4700,4780,4620,4730,126087,0.64
3316,2013-05-27,4735,4820,4690,4720,232275,-0.21
3317,2013-05-28,4710,4750,4670,4730,210277,0.21
3318,2013-05-29,4775,5430,4765,5430,2027554,14.8
3319,2013-05-30,5650,5860,5370,5540,3230837,2.03
3320,2013-05-31,5600,5760,5250,5520,1622390,-0.36
3321,2013-06-03,5460,5670,5370,5670,1531953,2.72
3322,2013-06-04,5820,6040,5110,5120,2288958,-9.7
3323,2013-06-05,5050,5240,4670,4680,986949,-8.59
3324,2013-06-07,4605,4720,4200,4300,681402,-8.12
3325,2013-06-10,4310,4585,4310,4425,305615,2.91
3326,2013-06-11,4300,4375,4245,4250,326784,-3.95
3327,2013-06-12,4255,4460,4220,4325,256786,1.76
3328,2013-06-13,4300,4365,4150,4255,255230,-1.62
3329,2013-06-14,4310,4405,4200,4250,190367,-0.12
3330,2013-06-17,4285,4390,4120,4200,196190,-1.18
3331,2013-06-18,4200,4305,4135,4280,177904,1.9
3332,2013-06-19,4325,4390,4170,4300,202796,0.47
3333,2013-06-20,4580,4740,4255,4260,640920,-0.93
3334,2013-06-21,4125,4225,3955,4010,251927,-5.87
3335,2013-06-24,4040,4090,3690,3690,261649,-7.98
3336,2013-06-25,3570,3775,3300,3310,555048,-10.3
3337,2013-06-26,3400,3540,3375,3440,243168,3.93
3338,2013-06-27,3580,3955,3550,3955,389567,14.97
3339,2013-06-28,4210,4530,3980,4330,2003044,9.48
3340,2013-07-01,4330,4445,4250,4290,548258,-0.92
3341,2013-07-02,4345,4825,4250,4530,2184512,5.59
3342,2013-07-03,4530,4700,4360,4425,620422,-2.32
3343,2013-07-04,4430,4600,4275,4355,532643,-1.58
3344,2013-07-05,4400,4450,4250,4250,309481,-2.41
3345,2013-07-08,4300,4885,4270,4885,1685551,14.94
3346,2013-07-09,4990,5080,4655,4770,2075646,-2.35
3347,2013-07-10,4765,4800,4475,4520,846449,-5.24
3348,2013-07-11,4640,4980,4620,4735,2149240,4.76
3349,2013-07-12,4745,4920,4720,4770,959055,0.74
3350,2013-07-15,4740,4825,4575,4660,579556,-2.31
3351,2013-07-16,4700,4880,4680,4735,900653,1.61
3352,2013-07-17,4765,5440,4625,5200,4376122,9.82
3353,2013-07-18,5150,5250,4955,4955,1623306,-4.71
3354,2013-07-19,4990,5190,4970,5010,1307614,1.11
3355,2013-07-22,5000,5120,4800,4800,815758,-4.19
3356,2013-07-23,4850,5110,4675,4805,1056222,0.1
3357,2013-07-24,4830,5040,4745,4935,654283,2.71
3358,2013-07-25,4890,5130,4880,4880,655125,-1.11
3359,2013-07-26,4885,4990,4885,4970,385213,1.84
3360,2013-07-29,5040,5200,4960,4960,841290,-0.2
3361,2013-07-30,4965,5090,4750,4830,626560,-2.62
3362,2013-07-31,4865,4910,4730,4810,492825,-0.41
3363,2013-08-01,4870,4885,4715,4730,291857,-1.66
3364,2013-08-02,4750,4895,4750,4820,485855,1.9
3365,2013-08-05,4830,4885,4690,4730,360766,-1.87
3366,2013-08-06,4755,4770,4570,4625,308092,-2.22
3367,2013-08-07,4610,4715,4580,4635,198853,0.22
3368,2013-08-08,4670,4820,4605,4745,440270,2.37
3369,2013-08-09,4750,4800,4605,4630,177420,-2.42
3370,2013-08-12,4605,4660,4350,4410,439567,-4.75
3371,2013-08-13,4420,4480,4295,4350,248239,-1.36
3372,2013-08-14,4400,4540,4345,4350,270601,0.0
3373,2013-08-16,4270,4390,4255,4340,152016,-0.23
3374,2013-08-19,4355,4445,4300,4300,129228,-0.92
3375,2013-08-20,4270,4415,4180,4180,164120,-2.79
3376,2013-08-21,4180,4300,4000,4055,229909,-2.99
3377,2013-08-22,3980,4000,3800,3825,201609,-5.67
3378,2013-08-23,3885,4070,3885,3965,165944,3.66
3379,2013-08-26,3995,4070,3975,4000,106705,0.88
3380,2013-08-27,3950,3990,3865,3905,110041,-2.38
3381,2013-08-28,3815,3840,3700,3830,93119,-1.92
3382,2013-08-29,3855,3895,3850,3865,73760,0.91
3383,2013-08-30,3990,4440,3980,4440,871740,14.88
3384,2013-09-02,4390,4590,4315,4445,1251189,0.11
3385,2013-09-03,4440,4975,4440,4660,2798514,4.84
3386,2013-09-04,4690,4710,4515,4530,463230,-2.79
3387,2013-09-05,4595,4680,4505,4550,476643,0.44
3388,2013-09-06,4545,4680,4350,4350,631533,-4.4
3389,2013-09-09,4350,4475,4310,4440,328728,2.07
3390,2013-09-10,4470,4725,4330,4330,1074334,-2.48
3391,2013-09-11,4375,4490,4290,4405,575772,1.73
3392,2013-09-12,4410,4475,4265,4265,339267,-3.18
3393,2013-09-13,4240,4350,4240,4275,175027,0.23
3394,2013-09-16,4305,4350,4085,4100,271552,-4.09
3395,2013-09-17,4110,4170,4095,4100,122498,0.0
3396,2013-09-23,4130,4215,4110,4155,144868,1.34
3397,2013-09-24,4115,4275,4110,4170,203279,0.36
3398,2013-09-25,4210,4260,4160,4240,135485,1.68
3399,2013-09-26,4240,4395,4230,4260,210769,0.47
3400,2013-09-27,4310,4360,4265,4275,144030,0.35
3401,2013-09-30,4270,4290,4125,4125,121232,-3.51
3402,2013-10-01,4130,4300,3920,4105,249280,-0.48
3403,2013-10-02,4130,4200,4050,4085,79708,-0.49
3404,2013-10-04,4040,4090,3980,4090,123581,0.12
3405,2013-10-07,4080,4160,4030,4030,97446,-1.47
3406,2013-10-08,3975,4015,3915,3935,119031,-2.36
3407,2013-10-10,3925,4035,3925,4000,89864,1.65
3408,2013-10-11,4050,4075,3965,3990,75719,-0.25
3409,2013-10-14,4000,4115,3995,4050,132864,1.5
3410,2013-10-15,4050,4380,4050,4155,531513,2.59
3411,2013-10-16,4290,4390,4100,4100,276860,-1.32
3412,2013-10-17,4150,4240,3935,3935,267602,-4.02
3413,2013-10-18,3940,4045,3940,3990,161688,1.4
3414,2013-10-21,4035,4095,4010,4020,105122,0.75
3415,2013-10-22,4060,4100,3965,4020,104582,0.0
3416,2013-10-23,4020,4045,3920,3920,129775,-2.49
3417,2013-10-24,3930,4010,3905,4000,108196,2.04
3418,2013-10-25,4045,4330,4020,4125,564775,3.12
3419,2013-10-28,4145,4160,4070,4130,123255,0.12
3420,2013-10-29,4135,4180,4080,4135,135461,0.12
3421,2013-10-30,4150,4315,4150,4150,331767,0.36
3422,2013-10-31,4190,4255,4105,4140,109925,-0.24
3423,2013-11-01,4155,4190,4070,4095,102190,-1.09
3424,2013-11-04,4100,4200,4080,4180,142621,2.08
3425,2013-11-05,4210,4300,4155,4155,143070,-0.6
3426,2013-11-06,4165,4530,4150,4330,954435,4.21
3427,2013-11-07,4385,4430,4230,4230,322735,-2.31
3428,2013-11-08,4230,4430,4210,4225,352479,-0.12
3429,2013-11-11,4225,4295,4000,4010,295222,-5.09
3430,2013-11-12,3955,4105,3955,4090,133922,2.0
3431,2013-11-13,4070,4090,3905,3905,157627,-4.52
3432,2013-11-14,3925,4030,3880,3955,113168,1.28
3433,2013-11-15,3945,4065,3945,3955,214823,0.0
3434,2013-11-18,3960,4015,3905,3905,94995,-1.26
3435,2013-11-19,3900,3930,3700,3800,184404,-2.69
3436,2013-11-20,3825,3825,3730,3785,54659,-0.39
3437,2013-11-21,3765,3885,3750,3765,73573,-0.53
3438,2013-11-22,3780,3860,3780,3825,60061,1.59
3439,2013-11-25,3790,3880,3750,3750,131536,-1.96
3440,2013-11-26,3765,3830,3700,3780,61494,0.8
3441,2013-11-27,3810,3885,3800,3880,55148,2.65
3442,2013-11-28,3885,3900,3800,3845,68803,-0.9
3443,2013-11-29,3830,3910,3830,3895,73032,1.3
3444,2013-12-02,3945,3945,3785,3810,60897,-2.18
3445,2013-12-03,3765,3805,3710,3750,84187,-1.57
3446,2013-12-04,3730,3765,3640,3640,87071,-2.93
3447,2013-12-05,3590,3695,3590,3675,83883,0.96
3448,2013-12-06,3670,3700,3610,3650,49205,-0.68
3449,2013-12-09,3650,3685,3560,3590,83454,-1.64
3450,2013-12-10,3565,3595,3430,3445,110200,-4.04
3451,2013-12-11,3425,3515,3370,3445,65164,0.0
3452,2013-12-12,3370,3715,3370,3575,289678,3.77
3453,2013-12-13,3535,3610,3500,3520,43455,-1.54
3454,2013-12-16,3520,3620,3460,3460,34755,-1.7
3455,2013-12-17,3485,3515,3460,3480,32873,0.58
3456,2013-12-18,3465,3510,3405,3440,54291,-1.15
3457,2013-12-19,3500,3700,3480,3480,165321,1.16
3458,2013-12-20,3470,3540,3455,3480,36710,0.0
3459,2013-12-23,3520,3545,3450,3460,81084,-0.57
3460,2013-12-24,3480,3495,3410,3465,36435,0.14
3461,2013-12-26,3480,3570,3430,3435,47277,-0.87
3462,2013-12-27,3435,3500,3435,3490,35265,1.6
3463,2013-12-30,3480,3530,3480,3525,33376,1.0
3464,2014-01-02,3540,3615,3500,3535,62572,0.28
3465,2014-01-03,3515,3615,3480,3605,59458,1.98
3466,2014-01-06,3600,3625,3555,3595,42428,-0.28
3467,2014-01-07,3595,3625,3525,3610,53502,0.42
3468,2014-01-08,3640,3740,3615,3690,93392,2.22
3469,2014-01-09,3700,3710,3650,3695,30898,0.14
3470,2014-01-10,3675,3700,3590,3590,54424,-2.84
3471,2014-01-13,3580,3670,3580,3615,52302,0.7
3472,2014-01-14,3570,3640,3570,3615,29418,0.0
3473,2014-01-15,3645,3685,3595,3680,82746,1.8
3474,2014-01-16,3660,3720,3620,3690,56250,0.27
3475,2014-01-17,3690,3725,3650,3700,57276,0.27
3476,2014-01-20,3680,3720,3650,3670,43586,-0.81
3477,2014-01-21,3655,3680,3610,3640,52973,-0.82
3478,2014-01-22,3645,3790,3600,3705,292092,1.79
3479,2014-01-23,3700,3790,3680,3720,101740,0.4
3480,2014-01-24,3720,3820,3690,3730,125242,0.27
3481,2014-01-27,3620,3685,3520,3590,146257,-3.75
3482,2014-01-28,3610,3880,3600,3640,566906,1.39
3483,2014-01-29,3665,3750,3645,3660,67606,0.55
3484,2014-02-03,3650,3790,3640,3670,71238,0.27
3485,2014-02-04,3580,3670,3560,3600,107051,-1.91
3486,2014-02-05,3650,3690,3550,3570,56281,-0.83
3487,2014-02-06,3605,3620,3525,3570,101849,0.0
3488,2014-02-07,3600,3600,3535,3575,51234,0.14
3489,2014-02-10,3585,3665,3555,3665,82163,2.52
3490,2014-02-11,3880,3880,3650,3655,251280,-0.27
3491,2014-02-12,3670,3710,3650,3670,67410,0.41
3492,2014-02-13,3700,3710,3635,3650,42902,-0.54
3493,2014-02-14,3660,3690,3645,3670,77162,0.55
3494,2014-02-17,3665,3715,3655,3680,44547,0.27
3495,2014-02-18,3685,3805,3685,3730,257617,1.36
3496,2014-02-19,3755,3810,3725,3735,147291,0.13
3497,2014-02-20,3715,3755,3675,3705,67338,-0.8
3498,2014-02-21,3745,3840,3730,3755,150528,1.35
3499,2014-02-24,3790,3840,3730,3815,100318,1.6
3500,2014-02-25,3895,3905,3810,3815,228127,0.0
3501,2014-02-26,3820,3830,3755,3795,73952,-0.52
3502,2014-02-27,3820,3830,3720,3750,44073,-1.19
3503,2014-02-28,3720,3770,3720,3750,34409,0.0
3504,2014-03-03,3720,3740,3650,3670,42351,-2.13
3505,2014-03-04,3670,3730,3665,3720,33550,1.36
3506,2014-03-05,3750,3780,3705,3775,59298,1.48
3507,2014-03-06,3775,3805,3720,3770,54284,-0.13
3508,2014-03-07,3780,3795,3750,3765,34788,-0.13
3509,2014-03-10,3795,3825,3750,3810,113726,1.2
3510,2014-03-11,3775,3815,3745,3795,51807,-0.39
3511,2014-03-12,3795,3810,3695,3705,66231,-2.37
3512,2014-03-13,3775,4095,3775,4050,739050,9.31
3513,2014-03-14,4015,4075,3975,4060,175292,0.25
3514,2014-03-17,4140,4140,3920,3950,202325,-2.71
3515,2014-03-18,3980,4035,3920,4000,91790,1.27
3516,2014-03-19,4000,4055,3910,3940,67217,-1.5
3517,2014-03-20,3940,3945,3870,3870,116269,-1.78
3518,2014-03-21,3875,3985,3875,3970,72571,2.58
3519,2014-03-24,4050,4085,3915,3940,102512,-0.76
3520,2014-03-25,3980,4000,3895,3895,70941,-1.14
3521,2014-03-26,3935,3990,3900,3985,85749,2.31
3522,2014-03-27,4020,4230,3950,4090,449571,2.63
3523,2014-03-28,4075,4120,4035,4080,134285,-0.24
3524,2014-03-31,4120,4120,3960,3995,94543,-2.08
3525,2014-04-01,3960,4040,3955,4025,57980,0.75
3526,2014-04-02,4030,4080,3980,4060,141737,0.87
3527,2014-04-03,4055,4080,3970,3975,98928,-2.09
3528,2014-04-04,3980,4090,3975,4055,93016,2.01
3529,2014-04-07,4025,4065,3980,4020,75215,-0.86
3530,2014-04-08,4015,4050,3955,4005,39664,-0.37
3531,2014-04-09,4025,4100,3995,4080,87002,1.87
3532,2014-04-10,4065,4115,4065,4080,72146,0.0
3533,2014-04-11,4075,4230,4070,4090,258404,0.25
3534,2014-04-14,4115,4120,4040,4090,42570,0.0
3535,2014-04-15,4060,4100,4030,4035,78641,-1.34
3536,2014-04-16,4050,4100,4015,4045,66777,0.25
3537,2014-04-17,4045,4090,3985,4040,102456,-0.12
3538,2014-04-18,4055,4100,4025,4025,56917,-0.37
3539,2014-04-21,4055,4125,4030,4120,143343,2.36
3540,2014-04-22,4120,4205,4120,4135,153278,0.36
3541,2014-04-23,4185,4225,4125,4125,172965,-0.24
3542,2014-04-24,4140,4160,3845,4030,122809,-2.3
3543,2014-04-25,4030,4075,3960,3960,57766,-1.74
3544,2014-04-28,3915,3980,3880,3880,65507,-2.02
3545,2014-04-29,3930,3935,3750,3850,71764,-0.77
3546,2014-04-30,3850,3895,3805,3880,36537,0.78
3547,2014-05-02,3920,3965,3850,3850,70496,-0.77
3548,2014-05-07,3900,3900,3805,3805,40444,-1.17
3549,2014-05-08,3785,3920,3775,3920,45427,3.02
3550,2014-05-09,3920,4000,3920,3995,45443,1.91
3551,2014-05-12,3965,4015,3915,3940,48295,-1.38
3552,2014-05-13,3910,4030,3910,3995,101824,1.4
3553,2014-05-14,3990,4040,3900,3965,71694,-0.75
3554,2014-05-15,3940,3985,3880,3960,56776,-0.13
3555,2014-05-16,3900,3945,3875,3915,57027,-1.14
3556,2014-05-19,3900,3960,3795,3800,40949,-2.94
3557,2014-05-20,3790,3820,3720,3800,58048,0.0
3558,2014-05-21,3800,3845,3765,3835,30788,0.92
3559,2014-05-22,3810,3965,3810,3865,158620,0.78
3560,2014-05-23,3870,3890,3795,3880,66753,0.39
3561,2014-05-26,3885,3980,3870,3965,214287,2.19
3562,2014-05-27,4000,4000,3910,3950,65084,-0.38
3563,2014-05-28,3930,3965,3885,3900,37586,-1.27
3564,2014-05-29,3940,3990,3905,3960,58663,1.54
3565,2014-05-30,3990,3990,3860,3905,52387,-1.39
3566,2014-06-02,3890,3940,3800,3835,40500,-1.79
3567,2014-06-03,3855,3980,3730,3880,96424,1.17
3568,2014-06-05,3880,3920,3790,3840,34459,-1.03
3569,2014-06-09,3840,3950,3830,3835,48983,-0.13
3570,2014-06-10,3835,3940,3835,3905,38114,1.83
3571,2014-06-11,3930,3950,3870,3925,48397,0.51
3572,2014-06-12,3910,3950,3790,3925,68507,0.0
3573,2014-06-13,3930,3940,3865,3900,30614,-0.64
3574,2014-06-16,3910,3920,3820,3850,41124,-1.28
3575,2014-06-17,3860,3870,3800,3835,50491,-0.39
3576,2014-06-18,3850,3925,3825,3865,28324,0.78
3577,2014-06-19,3895,3910,3810,3820,38639,-1.16
3578,2014-06-20,3860,3860,3740,3810,17691,-0.26
3579,2014-06-23,3865,4370,3865,3920,1690450,2.89
3580,2014-06-24,3885,4300,3885,4155,1134470,5.99
3581,2014-06-25,4240,4460,4175,4320,1069983,3.97
3582,2014-06-26,4320,4375,4250,4325,454806,0.12
3583,2014-06-27,4300,4600,4230,4510,832510,4.28
3584,2014-06-30,4465,4620,4420,4505,650615,-0.11
3585,2014-07-01,4505,4600,4455,4555,340264,1.11
3586,2014-07-02,4525,4620,4460,4460,289429,-2.09
3587,2014-07-03,4465,5050,4465,4760,1366097,6.73
3588,2014-07-04,4820,4880,4610,4765,368878,0.11
3589,2014-07-07,4735,4760,4510,4720,397591,-0.94
3590,2014-07-08,4780,4795,4565,4605,298660,-2.44
3591,2014-07-09,4600,4690,4530,4575,214113,-0.65
3592,2014-07-10,4600,4670,4475,4525,223798,-1.09
3593,2014-07-11,4585,5020,4525,4830,1150782,6.74
3594,2014-07-14,5000,5160,4840,4915,667400,1.76
3595,2014-07-15,4860,4940,4795,4800,233047,-2.34
3596,2014-07-16,4840,4980,4750,4800,353928,0.0
3597,2014-07-17,4835,4930,4600,4690,325630,-2.29
3598,2014-07-18,4690,4980,4625,4805,346085,2.45
3599,2014-07-21,4805,4845,4585,4630,324975,-3.64
3600,2014-07-22,4625,4710,4520,4625,186720,-0.11
3601,2014-07-23,4650,4710,4530,4535,120363,-1.95
3602,2014-07-24,4520,4580,4335,4445,278293,-1.98
3603,2014-07-25,4460,4600,4385,4430,154466,-0.34
3604,2014-07-28,4440,4485,4220,4300,147045,-2.93
3605,2014-07-29,4325,4350,4190,4340,100674,0.93
3606,2014-07-30,4385,4405,4285,4310,90872,-0.69
3607,2014-07-31,4260,4295,4000,4125,162220,-4.29
3608,2014-08-01,4065,4175,4065,4135,70249,0.24
3609,2014-08-04,4155,4245,4080,4210,81307,1.81
3610,2014-08-05,4210,4285,4105,4130,39669,-1.9
3611,2014-08-06,4110,4215,4095,4190,60463,1.45
3612,2014-08-07,4180,4235,4000,4080,73989,-2.63
3613,2014-08-08,4115,4115,3970,4080,39880,0.0
3614,2014-08-11,4055,4145,4045,4135,77005,1.35
3615,2014-08-12,4135,4140,3930,3995,161004,-3.39
3616,2014-08-13,4020,4020,3925,3965,56245,-0.75
3617,2014-08-14,3990,4020,3960,4000,33499,0.88
3618,2014-08-18,4010,4040,3950,3965,43960,-0.88
3619,2014-08-19,3970,3990,3580,3695,576697,-6.81
3620,2014-08-20,3720,3770,3620,3670,128886,-0.68
3621,2014-08-21,3695,3730,3655,3665,84404,-0.14
3622,2014-08-22,3670,3950,3665,3850,388028,5.05
3623,2014-08-25,3865,3990,3800,3805,152314,-1.17
3624,2014-08-26,3805,3885,3770,3795,66359,-0.26
3625,2014-08-27,3795,3890,3770,3845,75262,1.32
3626,2014-08-28,3825,4420,3825,4275,1569521,11.18
3627,2014-08-29,4230,4480,4150,4200,538914,-1.75
3628,2014-09-01,4185,4220,4000,4030,178398,-4.05
3629,2014-09-02,4110,4525,4110,4355,1199945,8.06
3630,2014-09-03,4420,4550,4260,4270,747357,-1.95
3631,2014-09-04,4270,4290,4070,4125,208009,-3.4
3632,2014-09-05,4240,4630,4240,4410,906647,6.91
3633,2014-09-11,4410,4490,4325,4415,169733,0.11
3634,2014-09-12,4450,4465,4265,4265,125080,-3.4
3635,2014-09-15,4255,4280,4065,4090,188756,-4.1
3636,2014-09-16,4055,4250,4055,4200,110411,2.69
3637,2014-09-17,4190,4215,4040,4070,89300,-3.1
3638,2014-09-18,4100,4200,4070,4150,79248,1.97
3639,2014-09-19,4175,4330,4175,4255,190060,2.53
3640,2014-09-22,4225,4520,4195,4215,472312,-0.94
3641,2014-09-23,4235,4255,4025,4095,194090,-2.85
3642,2014-09-24,4350,4485,4270,4290,677269,4.76
3643,2014-09-25,4380,4380,4250,4370,200588,1.86
3644,2014-09-26,4280,4395,4275,4355,132869,-0.34
3645,2014-09-29,4465,4690,4330,4480,1007165,2.87
3646,2014-09-30,4495,4530,4310,4455,211821,-0.56
3647,2014-10-01,4460,4460,4205,4205,175030,-5.61
3648,2014-10-02,4170,4200,4080,4125,204668,-1.9
3649,2014-10-06,4100,4170,3880,4045,227171,-1.94
3650,2014-10-07,4050,4070,3920,4005,90178,-0.99
3651,2014-10-08,3990,4075,3965,4050,73717,1.12
3652,2014-10-10,4015,4115,3820,3940,148864,-2.72
3653,2014-10-13,3880,3940,3655,3715,142699,-5.71
3654,2014-10-14,3600,4200,3600,4175,582330,12.38
3655,2014-10-15,4165,4290,3995,4050,291706,-2.99
3656,2014-10-16,4045,4045,3860,3900,153612,-3.7
3657,2014-10-17,4000,4030,3870,3915,91555,0.38
3658,2014-10-20,4030,4030,3940,3990,66892,1.92
3659,2014-10-21,3990,4180,3990,4120,228080,3.26
3660,2014-10-22,4100,4170,4045,4100,112615,-0.49
3661,2014-10-23,4110,4250,4055,4095,207067,-0.12
3662,2014-10-24,4115,4170,4030,4060,80877,-0.85
3663,2014-10-27,4160,4445,4150,4260,775022,4.93
3664,2014-10-28,4240,4325,4150,4175,173047,-2.0
3665,2014-10-29,4195,4235,4105,4105,167084,-1.68
3666,2014-10-30,4120,4235,4120,4150,121832,1.1
3667,2014-10-31,4185,4185,4065,4085,65506,-1.57
3668,2014-11-03,4095,4200,4050,4080,103396,-0.12
3669,2014-11-04,4100,4130,3880,3900,119256,-4.41
3670,2014-11-05,3875,3980,3805,3840,99526,-1.54
3671,2014-11-06,3850,3925,3700,3780,110023,-1.56
3672,2014-11-07,3780,3835,3760,3795,59543,0.4
3673,2014-11-10,3800,3945,3800,3860,89525,1.71
3674,2014-11-11,3865,3915,3860,3915,47694,1.42
3675,2014-11-12,3980,3980,3870,3925,75274,0.26
3676,2014-11-13,3920,3970,3875,3955,37384,0.76
3677,2014-11-14,3925,3960,3890,3900,26916,-1.39
3678,2014-11-17,3905,3975,3885,3895,51319,-0.13
3679,2014-11-18,3930,4025,3890,3940,34955,1.16
3680,2014-11-19,3940,3965,3905,3925,20317,-0.38
3681,2014-11-20,3950,3985,3895,3960,39160,0.89
3682,2014-11-21,3965,4090,3930,4060,164528,2.53
3683,2014-11-24,4120,4120,4035,4060,53146,0.0
3684,2014-11-25,4035,4095,4030,4030,50319,-0.74
3685,2014-11-26,4130,4430,4095,4170,772565,3.47
3686,2014-11-27,4170,4200,4060,4060,90300,-2.64
3687,2014-11-28,4110,4110,4020,4040,57111,-0.49
3688,2014-12-01,4040,4130,4030,4090,60897,1.24
3689,2014-12-02,3970,4030,3735,3795,252885,-7.21
3690,2014-12-03,3760,3920,3755,3820,70080,0.66
3691,2014-12-04,3800,3890,3790,3815,53313,-0.13
3692,2014-12-05,3815,3970,3810,3950,96278,3.54
3693,2014-12-08,4020,4495,4020,4240,1107423,7.34
3694,2014-12-09,4150,4230,4045,4080,345052,-3.77
3695,2014-12-10,4180,4500,4050,4270,1047350,4.66
3696,2014-12-11,4270,4470,4210,4260,408294,-0.23
3697,2014-12-12,4280,4350,4170,4300,223494,0.94
3698,2014-12-15,4225,4945,4210,4590,2396376,6.74
3699,2014-12-16,4565,4625,4450,4625,459031,0.76
3700,2014-12-17,4630,4755,4335,4335,680980,-6.27
3701,2014-12-18,4310,4510,4225,4490,458814,3.58
3702,2014-12-19,4445,4880,4445,4580,1025775,2.0
3703,2014-12-22,4575,4770,4475,4650,359043,1.53
3704,2014-12-23,4670,4715,4450,4450,274998,-4.3
3705,2014-12-24,4410,4485,4355,4355,147628,-2.13
3706,2014-12-26,4450,4595,4400,4470,300580,2.64
3707,2014-12-29,4470,4575,4330,4490,197303,0.45
3708,2014-12-30,4480,4530,4420,4460,158921,-0.67
3709,2015-01-02,4415,4580,4375,4560,123108,2.24
3710,2015-01-05,4690,4935,4590,4655,777260,2.08
3711,2015-01-06,4625,4885,4580,4720,437741,1.4
3712,2015-01-07,4705,5000,4680,4885,697889,3.5
3713,2015-01-08,4920,5100,4810,4955,398086,1.43
3714,2015-01-09,4955,4990,4845,4900,234715,-1.11
3715,2015-01-12,4980,5190,4910,5050,514847,3.06
3716,2015-01-13,5010,5090,4795,4795,378208,-5.05
3717,2015-01-14,4800,4910,4780,4870,199129,1.56
3718,2015-01-15,4875,5000,4860,4860,182647,-0.21
3719,2015-01-16,4820,4895,4710,4800,227783,-1.23
3720,2015-01-19,4855,4965,4750,4960,238145,3.33
3721,2015-01-20,4905,4975,4850,4895,121710,-1.31
3722,2015-01-21,4920,4930,4810,4810,198430,-1.74
3723,2015-01-22,4830,4830,4590,4605,340539,-4.26
3724,2015-01-23,4630,4710,4555,4570,136524,-0.76
3725,2015-01-26,4575,4685,4575,4620,89563,1.09
3726,2015-01-27,4620,4650,4460,4460,163640,-3.46
3727,2015-01-28,4415,4600,4415,4600,87387,3.14
3728,2015-01-29,4560,4655,4560,4605,41393,0.11
3729,2015-01-30,4610,4685,4490,4570,69964,-0.76
3730,2015-02-02,4540,4585,4405,4575,91008,0.11
3731,2015-02-03,4560,4575,4395,4450,211216,-2.73
3732,2015-02-04,4500,4515,4335,4380,224796,-1.57
3733,2015-02-05,4410,4415,4305,4390,111817,0.23
3734,2015-02-06,4365,4415,4360,4365,83249,-0.57
3735,2015-02-09,4365,4390,4220,4280,97503,-1.95
3736,2015-02-10,4265,4360,4245,4260,52806,-0.47
3737,2015-02-11,4320,4375,4260,4350,63965,2.11
3738,2015-02-12,4360,4590,4355,4480,313558,2.99
3739,2015-02-13,4475,4490,4385,4445,59171,-0.78
3740,2015-02-16,4450,4630,4435,4455,242611,0.22
3741,2015-02-17,4420,4485,4335,4400,89462,-1.23
3742,2015-02-23,4400,4460,4315,4345,140581,-1.25
3743,2015-02-24,4535,4870,4520,4610,602633,6.1
3744,2015-02-25,4645,4675,4500,4545,159029,-1.41
3745,2015-02-26,4540,5200,4495,4795,938602,5.5
3746,2015-02-27,4745,4845,4715,4815,196228,0.42
3747,2015-03-02,4805,4810,4625,4725,163801,-1.87
3748,2015-03-03,4645,5000,4600,4780,443664,1.16
3749,2015-03-04,4810,4980,4800,4815,267004,0.73
3750,2015-03-05,4850,4935,4760,4780,241067,-0.73
3751,2015-03-06,4860,4935,4790,4835,229050,1.15
3752,2015-03-09,5010,5480,4940,5370,2508505,11.07
3753,2015-03-10,5280,5330,4840,4900,830508,-8.75
3754,2015-03-11,4900,4930,4760,4760,264826,-2.86
3755,2015-03-12,4760,4815,4695,4695,224360,-1.37
3756,2015-03-13,4775,4835,4700,4800,217897,2.24
3757,2015-03-16,4830,4840,4660,4720,155345,-1.67
3758,2015-03-17,4720,4810,4715,4740,96385,0.42
3759,2015-03-18,4730,4810,4700,4760,144449,0.42
3760,2015-03-19,4760,4790,4580,4630,153390,-2.73
3761,2015-03-20,4600,4675,4560,4675,163517,0.97
3762,2015-03-23,4685,4710,4620,4655,106043,-0.43
3763,2015-03-24,4690,4730,4640,4675,147520,0.43
3764,2015-03-25,4675,4720,4650,4675,103070,0.0
3765,2015-03-26,4630,4660,4545,4600,163693,-1.6
3766,2015-03-27,4625,4940,4565,4735,806516,2.93
3767,2015-03-30,4805,5000,4740,4910,861545,3.7
3768,2015-03-31,4920,4930,4715,4795,397135,-2.34
3769,2015-04-01,4920,4940,4810,4865,298577,1.46
3770,2015-04-02,4860,4905,4715,4715,286082,-3.08
3771,2015-04-03,4735,4825,4700,4780,167939,1.38
3772,2015-04-06,4730,4895,4730,4830,250555,1.05
3773,2015-04-07,4890,5000,4845,5000,516541,3.52
3774,2015-04-08,5080,5280,5010,5080,698843,1.6
3775,2015-04-09,5130,5210,5060,5110,247933,0.59
3776,2015-04-10,5110,5220,5030,5030,368718,-1.57
3777,2015-04-13,5010,5080,4870,4925,280612,-2.09
3778,2015-04-14,4925,5040,4850,4895,233136,-0.61
3779,2015-04-15,4905,4985,4900,4950,142280,1.12
3780,2015-04-16,4975,5010,4925,4985,173300,0.71
3781,2015-04-17,4985,5130,4985,5060,315546,1.5
3782,2015-04-20,5020,5060,4945,4985,165803,-1.48
3783,2015-04-21,5060,5240,4985,4995,472174,0.2
3784,2015-04-22,5000,5050,4600,4795,413167,-4.0
3785,2015-04-23,4830,4865,4625,4675,224490,-2.5
3786,2015-04-24,4675,4750,4620,4650,136926,-0.53
3787,2015-04-27,4655,4755,4625,4690,83697,0.86
3788,2015-04-28,4690,4745,4660,4700,117045,0.21
3789,2015-04-29,4680,4735,4590,4650,151169,-1.06
3790,2015-04-30,4625,4650,4480,4480,212092,-3.66
3791,2015-05-04,4480,4500,4335,4350,115048,-2.9
3792,2015-05-06,4300,4615,4295,4410,274329,1.38
3793,2015-05-07,4410,4500,4375,4475,111214,1.47
3794,2015-05-08,4475,4520,4405,4475,91046,0.0
3795,2015-05-11,4515,4540,4440,4465,86991,-0.22
3796,2015-05-12,4495,4560,4470,4475,151608,0.22
3797,2015-05-13,4475,4500,4445,4475,70991,0.0
3798,2015-05-14,4480,4800,4450,4800,234339,7.26
3799,2015-05-15,4880,4940,4700,4725,328342,-1.56
3800,2015-05-18,4750,4875,4715,4750,266893,0.53
3801,2015-05-19,4780,5030,4770,4895,561555,3.05
3802,2015-05-20,4930,4950,4835,4895,170455,0.0
3803,2015-05-21,4915,4945,4835,4875,156020,-0.41
3804,2015-05-22,4875,4935,4820,4850,144173,-0.51
3805,2015-05-26,4830,5040,4830,4985,286688,2.78
3806,2015-05-27,5010,5020,4890,4955,147787,-0.6
3807,2015-05-28,5000,5690,4930,5180,2472565,4.54
3808,2015-05-29,5270,5280,5110,5180,330551,0.0
3809,2015-06-01,5280,5950,5250,5930,2428264,14.48
3810,2015-06-02,5990,6680,5820,6360,2858595,7.25
3811,2015-06-03,6360,6540,6000,6350,1032869,-0.16
3812,2015-06-04,6420,6800,6310,6370,1123898,0.31
3813,2015-06-05,6430,6560,6060,6100,749398,-4.24
3814,2015-06-08,6100,6370,6000,6000,493331,-1.64
3815,2015-06-09,6070,6900,6000,6900,2167747,15.0
3816,2015-06-10,7240,7660,7040,7410,2423044,7.39
3817,2015-06-11,7340,7520,7060,7150,1056520,-3.51
3818,2015-06-12,7210,8100,7070,7250,2809562,1.4
3819,2015-06-15,7200,7390,6430,6640,1469502,-8.41
3820,2015-06-16,6640,6750,6310,6600,767359,-0.6
3821,2015-06-17,6560,6790,6410,6710,549637,1.67
3822,2015-06-18,6710,6960,6290,6370,867343,-5.07
3823,2015-06-19,6400,6700,6350,6550,495400,2.83
3824,2015-06-22,6580,6740,6480,6700,265559,2.29
3825,2015-06-23,6730,6840,6460,6580,452180,-1.79
3826,2015-06-24,6670,6960,6480,6630,845969,0.76
3827,2015-06-25,6830,7100,6740,6850,1134742,3.32
3828,2015-06-26,6870,7180,6770,6800,936753,-0.73
3829,2015-06-29,6500,6650,6020,6040,722098,-11.18
3830,2015-06-30,5960,6300,5780,6150,506031,1.82
3831,2015-07-01,6200,6300,6110,6150,333996,0.0
3832,2015-07-02,6290,6380,6060,6120,348653,-0.49
3833,2015-07-03,6150,6550,6110,6550,539523,7.03
3834,2015-07-06,6490,6540,6270,6280,350207,-4.12
3835,2015-07-07,6420,6490,6060,6100,347832,-2.87
3836,2015-07-08,6160,6430,6080,6160,267202,0.98
3837,2015-07-09,6170,6340,6010,6150,229578,-0.16
3838,2015-07-10,6210,6480,6080,6460,210295,5.04
3839,2015-07-13,6460,6810,6430,6710,479351,3.87
3840,2015-07-14,6770,6820,6630,6740,308143,0.45
3841,2015-07-15,6790,7150,6750,7050,871553,4.6
3842,2015-07-16,7180,7360,7020,7020,626401,-0.43
3843,2015-07-17,7020,7290,6950,7200,499967,2.56
3844,2015-07-20,7100,7310,7060,7160,357020,-0.56
3845,2015-07-21,7150,7280,6950,6960,281534,-2.79
3846,2015-07-22,7000,7310,6870,7070,484734,1.58
3847,2015-07-23,7130,9190,7090,9190,5897651,29.99
3848,2015-07-24,9900,11450,9450,10100,12856541,9.9
3849,2015-07-27,10150,10300,9720,9940,2838123,-1.58
3850,2015-07-28,9570,9790,8910,9500,3401006,-4.43
3851,2015-07-29,9450,10100,8220,8220,3903629,-13.47
3852,2015-07-30,8310,8450,7860,8040,1857270,-2.19
3853,2015-07-31,8060,8180,7690,8020,1130583,-0.25
3854,2015-08-03,8090,8270,7630,7630,1019128,-4.86
3855,2015-08-04,7650,8030,7640,7970,957830,4.46
3856,2015-08-05,7950,8330,7950,8060,1061784,1.13
3857,2015-08-06,8140,8270,8030,8030,717511,-0.37
3858,2015-08-07,8000,8200,7670,8160,790288,1.62
3859,2015-08-10,8240,8490,8060,8240,1027639,0.98
3860,2015-08-11,8360,8470,7740,7740,908735,-6.07
3861,2015-08-12,7520,7690,7090,7270,837965,-6.07
3862,2015-08-13,7400,7760,7310,7490,507280,3.03
3863,2015-08-17,7490,7530,7220,7220,327774,-3.6
3864,2015-08-18,7270,7450,6960,7310,494325,1.25
3865,2015-08-19,7250,7300,6600,6620,575080,-9.44
3866,2015-08-20,6600,7250,6500,6550,1041070,-1.06
3867,2015-08-21,6350,6420,5700,5820,831632,-11.15
3868,2015-08-24,5790,6210,5740,5870,586358,0.86
3869,2015-08-25,6010,6610,5920,6200,842252,5.62
3870,2015-08-26,6170,6400,6080,6330,506749,2.1
3871,2015-08-27,6430,6560,6230,6320,435907,-0.16
3872,2015-08-28,6440,6540,6380,6400,379666,1.27
3873,2015-08-31,6470,6730,6320,6450,548101,0.78
3874,2015-09-01,6460,6790,6400,6470,661948,0.31
3875,2015-09-02,6300,6600,6230,6580,354110,1.7
3876,2015-09-03,6740,6790,6440,6510,509565,-1.06
3877,2015-09-04,6520,6620,5980,6000,428683,-7.83
3878,2015-09-07,5940,6170,5800,5980,274411,-0.33
3879,2015-09-08,6000,6460,5920,6150,657552,2.84
3880,2015-09-09,6230,6480,6180,6420,363140,4.39
3881,2015-09-10,6340,6950,6300,6540,1001122,1.87
3882,2015-09-11,6590,6610,6400,6550,284865,0.15
3883,2015-09-14,6610,6650,6310,6360,217785,-2.9
3884,2015-09-15,6360,6680,6300,6530,355593,2.67
3885,2015-09-16,6620,6700,6520,6580,272211,0.77
3886,2015-09-17,6620,6690,6390,6400,238510,-2.74
3887,2015-09-18,6450,6680,6410,6680,301316,4.37
3888,2015-09-21,6550,6600,6460,6500,245769,-2.69
3889,2015-09-22,6580,7040,6470,6900,909043,6.15
3890,2015-09-23,6810,7110,6750,6940,529214,0.58
3891,2015-09-24,6980,7150,6770,6900,346370,-0.58
3892,2015-09-25,6950,7950,6830,7230,3634420,4.78
3893,2015-09-30,7120,7330,6970,7330,606175,1.38
3894,2015-10-01,7480,7610,7340,7420,647575,1.23
3895,2015-10-02,7500,7650,7360,7480,372047,0.81
3896,2015-10-05,7490,7580,7400,7560,285394,1.07
3897,2015-10-06,7610,7610,7020,7020,511402,-7.14
3898,2015-10-07,7030,7250,6900,7120,234724,1.42
3899,2015-10-08,7160,7600,7120,7180,667096,0.84
3900,2015-10-12,7270,7350,7110,7250,259987,0.97
3901,2015-10-13,7510,7570,7190,7250,448309,0.0
3902,2015-10-14,7250,7400,7170,7240,216303,-0.14
3903,2015-10-15,7370,7500,7260,7280,305764,0.55
3904,2015-10-16,7340,7370,7150,7250,240459,-0.41
3905,2015-10-19,7270,8090,7250,7590,2244094,4.69
3906,2015-10-20,7580,7610,7390,7420,438383,-2.24
3907,2015-10-21,7400,7460,7210,7280,388783,-1.89
3908,2015-10-22,7280,7290,6930,6930,356916,-4.81
3909,2015-10-23,6970,7030,6720,6760,231465,-2.45
3910,2015-10-26,6880,6940,6710,6800,167856,0.59
3911,2015-10-27,6820,7410,6820,6950,586178,2.21
3912,2015-10-28,6990,7020,6820,6830,125116,-1.73
3913,2015-10-29,6860,6920,6670,6670,185023,-2.34
3914,2015-10-30,6660,6850,6570,6750,166696,1.2
3915,2015-11-02,6780,6900,6590,6600,136761,-2.22
3916,2015-11-03,6610,6700,6410,6410,249320,-2.88
3917,2015-11-04,6490,6590,6410,6580,191910,2.65
3918,2015-11-05,6580,6740,6560,6590,108921,0.15
3919,2015-11-06,6640,6790,6540,6640,204910,0.76
3920,2015-11-09,6600,6630,6190,6250,256956,-5.87
3921,2015-11-10,6170,6240,5850,5960,188215,-4.64
3922,2015-11-11,5920,6510,5920,6160,250349,3.36
3923,2015-11-12,6130,6260,6050,6130,100908,-0.49
3924,2015-11-13,5980,6130,5940,5950,90433,-2.94
3925,2015-11-16,5750,5930,5590,5690,195731,-4.37
3926,2015-11-17,5740,5970,5740,5900,88578,3.69
3927,2015-11-18,6000,6080,5950,6010,76169,1.86
3928,2015-11-19,6020,6160,6010,6060,71511,0.83
3929,2015-11-20,6060,6130,5990,6010,62116,-0.83
3930,2015-11-23,6040,6230,6000,6000,135145,-0.17
3931,2015-11-24,5970,6200,5970,6110,100052,1.83
3932,2015-11-25,6190,6190,6050,6130,53397,0.33
3933,2015-11-26,6070,6190,6070,6150,69827,0.33
3934,2015-11-27,6150,6350,6140,6180,115659,0.49
3935,2015-11-30,6180,6300,6000,6180,158839,0.0
3936,2015-12-01,6180,6370,6160,6270,136830,1.46
3937,2015-12-02,6310,6430,6170,6170,130145,-1.59
3938,2015-12-03,6190,6200,6020,6120,84803,-0.81
3939,2015-12-04,6020,6090,5960,5960,102860,-2.61
3940,2015-12-07,6010,6060,5840,5880,71738,-1.34
3941,2015-12-08,5910,5950,5680,5950,136457,1.19
3942,2015-12-09,5900,5930,5730,5730,95113,-3.7
3943,2015-12-10,5680,5770,5550,5700,77255,-0.52
3944,2015-12-11,5670,5740,5500,5570,99800,-2.28
3945,2015-12-14,5380,5430,5020,5090,232129,-8.62
3946,2015-12-15,5000,5240,5000,5190,211885,1.96
3947,2015-12-16,5200,5320,5190,5220,101862,0.58
3948,2015-12-17,5280,5380,5250,5300,66974,1.53
3949,2015-12-18,5250,5530,5200,5450,105266,2.83
3950,2015-12-21,5400,5460,5350,5370,55351,-1.47
3951,2015-12-22,5450,5690,5360,5420,120898,0.93
3952,2015-12-23,5390,5460,5380,5380,75610,-0.74
3953,2015-12-24,5450,5500,5310,5400,89917,0.37
3954,2015-12-28,5610,5800,5350,5450,259556,0.93
3955,2015-12-29,5410,5720,5410,5520,202977,1.28
3956,2015-12-30,5540,5610,5470,5470,109999,-0.91
3957,2016-01-04,5480,5530,5310,5360,111813,-2.01
3958,2016-01-05,5250,5370,5210,5330,106409,-0.56
3959,2016-01-06,5330,5570,5310,5470,165784,2.63
3960,2016-01-07,5600,5620,5290,5290,145278,-3.29
3961,2016-01-08,5140,5370,5110,5250,111961,-0.76
3962,2016-01-11,5170,5340,5170,5210,99307,-0.76
3963,2016-01-12,5220,5340,5220,5290,96376,1.54
3964,2016-01-13,5320,5400,5310,5380,87966,1.7
3965,2016-01-14,5300,5300,5160,5220,82725,-2.97
3966,2016-01-15,5270,5400,5170,5260,99317,0.77
3967,2016-01-18,5140,5150,5000,5120,115477,-2.66
3968,2016-01-19,5120,5610,5110,5430,456113,6.05
3969,2016-01-20,5450,5530,5200,5270,228882,-2.95
3970,2016-01-21,5300,5360,5120,5350,113027,1.52
3971,2016-01-22,5280,5490,5230,5450,169391,1.87
3972,2016-01-25,5550,5650,5420,5420,140803,-0.55
3973,2016-01-26,5360,5640,5330,5640,204778,4.06
3974,2016-01-27,5670,5700,5510,5600,186498,-0.71
3975,2016-01-28,5630,5650,5560,5600,82483,0.0
3976,2016-01-29,5610,5660,5440,5610,159629,0.18
3977,2016-02-01,5680,5800,5620,5720,196322,1.96
3978,2016-02-02,5710,5720,5440,5650,124466,-1.22
3979,2016-02-03,5640,5800,5540,5680,193542,0.53
3980,2016-02-04,5680,5880,5600,5820,223618,2.46
3981,2016-02-05,5840,5840,5670,5670,102896,-2.58
3982,2016-02-11,5480,5560,5220,5220,224538,-7.94
3983,2016-02-12,5120,5210,4770,4860,248499,-6.9
3984,2016-02-15,4900,4980,4800,4920,263399,1.23
3985,2016-02-16,4625,5070,4625,4940,453431,0.41
3986,2016-02-17,4990,4990,4845,4940,141887,0.0
3987,2016-02-18,4970,5050,4950,4970,99498,0.61
3988,2016-02-19,4995,5040,4950,5030,62549,1.21
3989,2016-02-22,5000,5090,4990,5030,89530,0.0
3990,2016-02-23,5060,5120,4980,5020,161424,-0.2
3991,2016-02-24,5030,5030,4940,5020,114219,0.0
3992,2016-02-25,4995,5070,4980,5000,80907,-0.4
3993,2016-02-26,5030,5200,5030,5100,161997,2.0
3994,2016-02-29,5090,5190,5030,5190,91152,1.76
3995,2016-03-02,5200,5250,5150,5190,91907,0.0
3996,2016-03-03,5190,5260,5140,5170,75414,-0.39
3997,2016-03-04,5220,5310,5140,5250,137790,1.55
3998,2016-03-07,5320,5410,5260,5260,94600,0.19
3999,2016-03-08,5230,5320,5150,5290,66690,0.57
4000,2016-03-09,5310,5310,5220,5280,53076,-0.19
4001,2016-03-10,5310,5390,5260,5290,98713,0.19
4002,2016-03-11,5280,5330,5250,5270,65386,-0.38
4003,2016-03-14,5300,5320,5240,5260,75770,-0.19
4004,2016-03-15,5260,5860,5250,5460,1277839,3.8
4005,2016-03-16,5520,5560,5300,5400,227542,-1.1
4006,2016-03-17,5420,5460,5340,5450,197070,0.93
4007,2016-03-18,5470,5570,5420,5540,179605,1.65
4008,2016-03-21,5550,5590,5480,5480,110594,-1.08
4009,2016-03-22,5480,5520,5350,5350,117586,-2.37
4010,2016-03-23,5350,5450,5340,5350,67035,0.0
4011,2016-03-24,5380,5860,5340,5550,703993,3.74
4012,2016-03-25,5600,6110,5490,5950,1167528,7.21
4013,2016-03-28,5910,6050,5760,5770,447358,-3.03
4014,2016-03-29,5750,5780,5650,5760,258447,-0.17
4015,2016-03-30,5780,6010,5780,5840,467978,1.39
4016,2016-03-31,5810,5890,5650,5790,242849,-0.86
4017,2016-04-01,5790,5790,5610,5610,203708,-3.11
4018,2016-04-04,5650,5750,5560,5710,174576,1.78
4019,2016-04-05,5760,5930,5720,5810,205819,1.75
4020,2016-04-06,5790,5870,5610,5730,159449,-1.38
4021,2016-04-07,5800,6170,5740,6130,570034,6.98
4022,2016-04-08,6200,6240,5970,6020,368159,-1.79
4023,2016-04-11,6030,7330,5950,6730,7536522,11.79
4024,2016-04-12,6790,6820,6390,6640,1746151,-1.34
4025,2016-04-14,6660,7030,6490,6510,1217152,-1.96
4026,2016-04-15,6510,6850,6410,6670,841186,2.46
4027,2016-04-18,6730,6740,6420,6420,362706,-3.75
4028,2016-04-19,6380,6680,6280,6600,401486,2.8
4029,2016-04-20,6600,6790,6480,6590,555687,-0.15
4030,2016-04-21,6610,6720,6500,6700,302130,1.67
4031,2016-04-22,6720,6760,6600,6620,289048,-1.19
4032,2016-04-25,6630,6670,6400,6400,309769,-3.32
4033,2016-04-26,6440,6660,6400,6470,249848,1.09
4034,2016-04-27,6520,6520,6370,6480,169877,0.15
4035,2016-04-28,6500,6530,6380,6380,141870,-1.54
4036,2016-04-29,6340,6400,6120,6170,262679,-3.29
4037,2016-05-02,6200,7500,6150,6460,2954227,4.7
4038,2016-05-03,6480,6600,6400,6410,395155,-0.77
4039,2016-05-04,6500,6640,6270,6290,489512,-1.87
4040,2016-05-09,6330,6370,6150,6150,202952,-2.23
4041,2016-05-10,6080,6500,6080,6340,348573,3.09
4042,2016-05-11,6340,6540,6330,6500,182206,2.52
4043,2016-05-12,6420,6520,6380,6470,151113,-0.46
4044,2016-05-13,6490,6750,6430,6460,298423,-0.15
4045,2016-05-16,6450,6500,6230,6310,177009,-2.32
4046,2016-05-17,6310,6420,6250,6280,136187,-0.48
4047,2016-05-18,6280,6330,6100,6180,177346,-1.59
4048,2016-05-19,6180,6300,6150,6240,136845,0.97
4049,2016-05-20,6180,6470,6180,6320,182180,1.28
4050,2016-05-23,6330,6560,6330,6480,197522,2.53
4051,2016-05-24,6460,6830,6460,6540,588579,0.93
4052,2016-05-25,6640,6700,6490,6560,218024,0.31
4053,2016-05-26,6570,6640,6430,6480,152992,-1.22
4054,2016-05-27,6500,6690,6340,6690,267759,3.24
4055,2016-05-30,6780,7200,6730,6930,1037719,3.59
4056,2016-05-31,7050,7050,6700,6700,306919,-3.32
4057,2016-06-01,6660,6740,6540,6610,255633,-1.34
4058,2016-06-02,6670,7490,6640,7490,1635847,13.31
4059,2016-06-03,7460,7490,7080,7180,1224415,-4.14
4060,2016-06-07,7210,7410,7120,7170,563001,-0.14
4061,2016-06-08,7180,7350,7130,7130,447060,-0.56
4062,2016-06-09,7190,7220,6850,7010,542495,-1.68
4063,2016-06-10,7010,7260,6970,7180,580823,2.43
4064,2016-06-13,7160,7280,6970,6970,375741,-2.92
4065,2016-06-14,6920,6970,6640,6640,447491,-4.73
4066,2016-06-15,6630,6740,6450,6650,262301,0.15
4067,2016-06-16,6700,6800,6370,6510,379676,-2.11
4068,2016-06-17,6570,6640,6440,6450,149804,-0.92
4069,2016-06-20,6450,6690,6450,6660,137363,3.26
4070,2016-06-21,6670,6730,6550,6620,91929,-0.6
4071,2016-06-22,6610,6710,6570,6640,123385,0.3
4072,2016-06-23,6650,6660,6410,6460,169313,-2.71
4073,2016-06-24,6540,6630,5940,6020,523137,-6.81
4074,2016-06-27,5810,6130,5810,5990,166790,-0.5
4075,2016-06-28,5980,6200,5920,6200,110476,3.51
4076,2016-06-29,6290,6320,6130,6170,141276,-0.48
4077,2016-06-30,6230,6340,6130,6170,160188,0.0
4078,2016-07-01,6260,6330,6210,6240,109307,1.13
4079,2016-07-04,6290,6300,6200,6230,71376,-0.16
4080,2016-07-05,6230,6380,6210,6370,145853,2.25
4081,2016-07-06,6360,6440,6190,6200,174019,-2.67
4082,2016-07-07,6210,6830,6210,6600,786740,6.45
4083,2016-07-08,6640,6660,6430,6490,123716,-1.67
4084,2016-07-11,6690,6690,6530,6530,173211,0.62
4085,2016-07-12,6570,6660,6450,6480,140890,-0.77
4086,2016-07-13,6530,6630,6480,6550,110258,1.08
4087,2016-07-14,6520,6590,6310,6440,194276,-1.68
4088,2016-07-15,6480,6510,6350,6380,88033,-0.93
4089,2016-07-18,6360,6480,6360,6430,88067,0.78
4090,2016-07-19,6440,6490,6360,6380,96458,-0.78
4091,2016-07-20,6390,6440,6290,6340,133213,-0.63
4092,2016-07-21,6380,6510,6300,6440,142077,1.58
4093,2016-07-22,6450,6630,6410,6580,256742,2.17
4094,2016-07-25,6610,6680,6560,6600,125065,0.3
4095,2016-07-26,6590,6690,6530,6570,167651,-0.45
4096,2016-07-27,6590,6740,6550,6610,231319,0.61
4097,2016-07-28,6610,6800,6610,6760,239321,2.27
4098,2016-07-29,6760,6800,6670,6750,163551,-0.15
4099,2016-08-01,6790,6860,6680,6680,152149,-1.04
4100,2016-08-02,6680,6680,6520,6520,151974,-2.4
4101,2016-08-03,6460,6490,6310,6310,173289,-3.22
4102,2016-08-04,6370,6890,6320,6630,594355,5.07
4103,2016-08-05,6700,6850,6640,6680,552047,0.75
4104,2016-08-08,6780,6850,6690,6780,302865,1.5
4105,2016-08-09,6790,6930,6710,6810,296666,0.44
4106,2016-08-10,6800,6890,6740,6880,206250,1.03
4107,2016-08-11,6880,6980,6710,6720,235456,-2.33
4108,2016-08-12,6780,6790,6640,6720,115667,0.0
4109,2016-08-16,6720,6760,6650,6650,84579,-1.04
4110,2016-08-17,6650,6670,6490,6650,130437,0.0
4111,2016-08-18,6700,6710,6590,6600,101827,-0.75
4112,2016-08-19,6600,6670,6540,6590,67927,-0.15
4113,2016-08-22,6620,6620,6420,6430,105571,-2.43
4114,2016-08-23,6440,6530,6350,6410,101131,-0.31
4115,2016-08-24,6450,6500,6380,6420,58474,0.16
4116,2016-08-25,6460,6460,6250,6300,113609,-1.87
4117,2016-08-26,6320,6370,6150,6160,109767,-2.22
4118,2016-08-29,6110,6120,5780,5820,177573,-5.52
4119,2016-08-30,5830,6020,5780,5870,142767,0.86
4120,2016-08-31,5700,5840,5690,5760,100984,-1.87
4121,2016-09-01,5720,5890,5720,5850,82703,1.56
4122,2016-09-02,5840,6010,5820,5900,89803,0.85
4123,2016-09-05,5940,5950,5840,5900,54486,0.0
4124,2016-09-06,5870,6000,5800,5890,59705,-0.17
4125,2016-09-07,5860,5930,5750,5760,70217,-2.21
4126,2016-09-08,5740,5800,5540,5700,159419,-1.04
4127,2016-09-09,5630,5720,5570,5650,60381,-0.88
4128,2016-09-12,5510,5660,5510,5610,65529,-0.71
4129,2016-09-13,5630,5740,5580,5680,81103,1.25
4130,2016-09-19,5650,5840,5650,5750,74892,1.23
4131,2016-09-20,5790,5860,5750,5830,53414,1.39
4132,2016-09-21,5870,5870,5760,5810,38870,-0.34
4133,2016-09-22,5850,5900,5800,5800,69811,-0.17
4134,2016-09-23,5850,5950,5800,5900,64303,1.72
4135,2016-09-26,5910,5960,5840,5840,42643,-1.02
4136,2016-09-27,5850,5960,5800,5860,38631,0.34
4137,2016-09-28,5850,6030,5850,6000,111357,2.39
4138,2016-09-29,6010,6040,5940,6000,58608,0.0
4139,2016-09-30,6020,6140,5820,5820,84381,-3.0
4140,2016-10-04,5810,5950,5810,5950,49023,2.23
4141,2016-10-05,5960,6190,5960,6090,144228,2.35
4142,2016-10-06,6080,6140,5960,6050,58432,-0.66
4143,2016-10-07,6300,7170,6150,6150,5751237,1.65
4144,2016-10-10,6250,6960,6210,6570,3694042,6.83
4145,2016-10-11,6600,6700,6380,6450,469199,-1.83
4146,2016-10-12,6360,6840,6360,6810,801867,5.58
4147,2016-10-13,6880,6900,6570,6740,391259,-1.03
4148,2016-10-14,6790,6800,6520,6590,231514,-2.23
4149,2016-10-17,6600,7020,6540,6690,656680,1.52
4150,2016-10-18,6730,6880,6640,6670,206635,-0.3
4151,2016-10-19,6790,6790,6510,6510,219851,-2.4
4152,2016-10-20,6590,6690,6350,6490,219777,-0.31
4153,2016-10-21,6500,6540,6360,6400,126215,-1.39
4154,2016-10-24,6460,6670,6340,6340,203183,-0.94
4155,2016-10-25,6390,6500,6340,6420,183783,1.26
4156,2016-10-26,6420,6440,5950,6090,289022,-5.14
4157,2016-10-27,6250,6370,6210,6240,152809,2.46
4158,2016-10-28,6210,6380,6090,6180,109150,-0.96
4159,2016-10-31,6160,6230,5950,5990,112364,-3.07
4160,2016-11-01,5930,6050,5850,5920,110142,-1.17
4161,2016-11-02,6320,6320,5250,5430,493579,-8.28
4162,2016-11-03,5300,5480,5180,5240,295530,-3.5
4163,2016-11-04,5270,5280,5080,5210,216887,-0.57
4164,2016-11-07,5200,5340,5200,5340,156277,2.5
4165,2016-11-08,5410,5430,5250,5250,92214,-1.69
4166,2016-11-09,5280,5350,4750,4905,357051,-6.57
4167,2016-11-10,5050,5150,5030,5120,207811,4.38
4168,2016-11-11,5210,5380,5130,5180,213780,1.17
4169,2016-11-14,5240,5290,5140,5150,59144,-0.58
4170,2016-11-15,5170,5220,5000,5080,69340,-1.36
4171,2016-11-16,5130,5200,5100,5160,80967,1.57
4172,2016-11-17,5190,5220,5110,5130,70823,-0.58
4173,2016-11-18,5180,5210,4985,5000,92174,-2.53
4174,2016-11-21,4990,6170,4945,5560,5006086,11.2
4175,2016-11-22,5610,5710,5430,5650,924981,1.62
4176,2016-11-23,5700,5710,5350,5360,641506,-5.13
4177,2016-11-24,5340,5490,5210,5210,311636,-2.8
4178,2016-11-25,5200,5310,5170,5240,157263,0.58
4179,2016-11-28,5240,5370,5210,5360,172478,2.29
4180,2016-11-29,5360,5490,5050,5310,261033,-0.93
4181,2016-11-30,5370,5370,5100,5100,147304,-3.95
4182,2016-12-01,5150,5320,5140,5260,209723,3.14
4183,2016-12-02,5300,5320,5030,5090,195714,-3.23
4184,2016-12-05,5040,5110,4795,4795,275819,-5.8
4185,2016-12-06,4880,4950,4850,4875,116766,1.67
4186,2016-12-07,4875,4950,4770,4770,90974,-2.15
4187,2016-12-08,4840,4900,4800,4900,85586,2.73
4188,2016-12-09,4965,5060,4850,4980,153623,1.63
4189,2016-12-12,5080,5080,4970,5010,92125,0.6
4190,2016-12-13,4990,5170,4990,5100,142553,1.8
4191,2016-12-14,5150,5180,5020,5050,75458,-0.98
4192,2016-12-15,5040,5140,5030,5140,60927,1.78
4193,2016-12-16,5180,5180,5070,5110,57284,-0.58
4194,2016-12-19,5120,5140,5010,5120,56693,0.2
4195,2016-12-20,5120,5150,5050,5060,65497,-1.17
4196,2016-12-21,5080,5130,5040,5070,88621,0.2
4197,2016-12-22,5070,5100,5000,5000,65470,-1.38
4198,2016-12-23,5010,5100,4990,5000,95473,0.0
4199,2016-12-26,5020,5080,4975,5000,80036,0.0
4200,2016-12-27,5030,5150,5000,5120,122273,2.4
4201,2016-12-28,5110,5210,5070,5180,84092,1.17
4202,2016-12-29,5180,5260,5110,5180,88527,0.0
4203,2017-01-02,5210,5260,5160,5230,32765,0.97
4204,2017-01-03,5250,5320,5200,5250,101911,0.38
4205,2017-01-04,5250,5490,5250,5400,431928,2.86
4206,2017-01-05,5430,5430,5340,5350,87196,-0.93
4207,2017-01-06,5390,5400,5330,5350,73788,0.0
4208,2017-01-09,5400,5400,5250,5390,81127,0.75
4209,2017-01-10,5390,5420,5280,5300,77934,-1.67
4210,2017-01-11,5260,5440,5260,5360,219673,1.13
4211,2017-01-12,5360,5410,5270,5310,87715,-0.93
4212,2017-01-13,5280,5350,5190,5260,115017,-0.94
4213,2017-01-16,5230,5270,5120,5130,66623,-2.47
4214,2017-01-17,5110,5260,5060,5120,53591,-0.19
4215,2017-01-18,5100,5190,5010,5070,106462,-0.98
4216,2017-01-19,5080,5170,5060,5060,93504,-0.2
4217,2017-01-20,5060,5150,5040,5090,38515,0.59
4218,2017-01-23,5120,5160,4995,5050,95899,-0.79
4219,2017-01-24,5020,5050,4920,4960,82112,-1.78
4220,2017-01-25,4965,4970,4840,4860,73273,-2.02
4221,2017-01-26,4865,5010,4865,5000,49101,2.88
4222,2017-01-31,4980,5020,4930,4980,30457,-0.4
4223,2017-02-01,4890,5150,4890,5090,60453,2.21
4224,2017-02-02,5080,5140,5020,5090,56773,0.0
4225,2017-02-03,5100,5130,4955,5060,58102,-0.59
4226,2017-02-06,5060,5070,4960,5010,31248,-0.99
4227,2017-02-07,5010,5020,4920,4920,52018,-1.8
4228,2017-02-08,4925,4975,4850,4900,44114,-0.41
4229,2017-02-09,4920,4960,4855,4940,14519,0.82
4230,2017-02-10,4970,5000,4900,4900,47521,-0.81
4231,2017-02-13,4875,4930,4855,4890,42111,-0.2
4232,2017-02-14,4900,4970,4865,4915,39276,0.51
4233,2017-02-15,4915,4925,4875,4920,38657,0.1
4234,2017-02-16,4920,4950,4870,4905,53043,-0.3
4235,2017-02-17,4900,4950,4850,4910,56366,0.1
4236,2017-02-20,4905,4920,4875,4905,24978,-0.1
4237,2017-02-21,4915,4940,4880,4925,41109,0.41
4238,2017-02-22,4920,4980,4910,4930,45709,0.1
4239,2017-02-23,4950,5040,4915,5040,159566,2.23
4240,2017-02-24,4995,5060,4925,4950,105942,-1.79
4241,2017-02-27,4965,4965,4845,4860,85924,-1.82
4242,2017-02-28,4925,4925,4800,4825,75473,-0.72
4243,2017-03-02,4830,4870,4795,4810,64212,-0.31
4244,2017-03-03,4810,4810,4695,4720,74073,-1.87
4245,2017-03-06,4670,4740,4670,4705,27642,-0.32
4246,2017-03-07,4710,4735,4645,4680,61878,-0.53
4247,2017-03-08,4680,4700,4660,4690,27880,0.21
4248,2017-03-09,4710,4740,4670,4680,38653,-0.21
4249,2017-03-10,4680,4715,4610,4700,80612,0.43
4250,2017-03-13,4715,4895,4700,4860,138527,3.4
4251,2017-03-14,4835,4925,4790,4860,97962,0.0
4252,2017-03-15,4910,4990,4875,4895,73388,0.72
4253,2017-03-16,4935,4965,4900,4920,40994,0.51
4254,2017-03-17,4965,6390,4925,6390,6333604,29.88
4255,2017-03-20,6450,6550,6030,6140,3812456,-3.91
4256,2017-03-21,6180,6410,6080,6400,4490926,4.23
4257,2017-03-22,6250,6480,6220,6480,1944487,1.25
4258,2017-03-23,6580,6630,5860,5930,2506884,-8.49
4259,2017-03-24,5990,6030,5770,5870,729828,-1.01
4260,2017-03-27,5940,6280,5920,5970,2007000,1.7
4261,2017-03-28,5940,6210,5820,6200,952929,3.85
4262,2017-03-29,6220,6320,6130,6150,890088,-0.81
4263,2017-03-30,6230,6820,6100,6100,4043434,-0.81
4264,2017-03-31,6140,6210,5860,6010,742207,-1.48
4265,2017-04-03,6080,6480,6010,6390,1191274,6.32
4266,2017-04-04,6350,6530,6100,6130,879488,-4.07
4267,2017-04-05,6200,6490,6130,6490,649681,5.87
4268,2017-04-06,6500,6540,6260,6360,448217,-2.0
4269,2017-04-07,6390,6480,6140,6210,440673,-2.36
4270,2017-04-10,6210,6320,6080,6080,356462,-2.09
4271,2017-04-11,6120,6320,5880,6030,327003,-0.82
4272,2017-04-12,6040,6120,5900,5990,190953,-0.66
4273,2017-04-13,6020,6290,6020,6130,373177,2.34
4274,2017-04-14,6130,6200,5730,5780,413268,-5.71
4275,2017-04-17,5830,5920,5780,5850,174869,1.21
4276,2017-04-18,5910,6420,5890,6280,1668690,7.35
4277,2017-04-19,6250,6320,6090,6090,412089,-3.03
4278,2017-04-20,6130,6380,6130,6220,448452,2.13
4279,2017-04-21,6360,6360,6070,6200,386877,-0.32
4280,2017-04-24,6200,6260,6000,6010,201964,-3.06
4281,2017-04-25,6040,6160,6040,6110,119996,1.66
4282,2017-04-26,6190,6460,6160,6160,954905,0.82
4283,2017-04-27,6200,6340,6140,6270,312809,1.79
4284,2017-04-28,6270,6310,6060,6130,237390,-2.23
4285,2017-05-02,6150,6230,5950,5980,234687,-2.45
4286,2017-05-04,5930,6110,5920,6090,89676,1.84
4287,2017-05-08,6100,6130,5980,6030,152841,-0.99
4288,2017-05-10,6030,6090,5990,6080,103914,0.83
4289,2017-05-11,6090,6470,6090,6440,906336,5.92
4290,2017-05-12,6440,6480,6320,6460,368099,0.31
4291,2017-05-15,6460,6640,6410,6420,528405,-0.62
4292,2017-05-16,6370,6420,6200,6200,244232,-3.43
4293,2017-05-17,6200,6280,6170,6250,137058,0.81
4294,2017-05-18,6140,6230,6070,6150,161419,-1.6
4295,2017-05-19,6150,6370,6100,6270,276381,1.95
4296,2017-05-22,6330,6730,6240,6560,1065107,4.63
4297,2017-05-23,6560,6590,6440,6530,336477,-0.46
4298,2017-05-24,6530,6700,6290,6290,720189,-3.68
4299,2017-05-25,6360,6470,6190,6260,388752,-0.48
4300,2017-05-26,6230,6330,6200,6270,159168,0.16
4301,2017-05-29,6310,6330,6210,6240,126841,-0.48
4302,2017-05-30,6270,6520,6270,6500,351409,4.17
4303,2017-05-31,6490,6890,6430,6660,1362472,2.46
4304,2017-06-01,6640,6750,6520,6740,315937,1.2
4305,2017-06-02,6840,6840,6590,6590,331868,-2.23
4306,2017-06-05,6650,7000,6630,7000,1529079,6.22
4307,2017-06-07,7020,7040,6720,6720,853252,-4.0
4308,2017-06-08,6720,6750,6450,6500,734418,-3.27
4309,2017-06-09,6520,6670,6480,6650,292768,2.31
4310,2017-06-12,6650,6650,6330,6370,347925,-4.21
4311,2017-06-13,6340,6420,6280,6300,206328,-1.1
4312,2017-06-14,6290,6400,6270,6320,134424,0.32
4313,2017-06-15,6320,6400,6200,6240,237656,-1.27
4314,2017-06-16,6210,6250,6060,6110,258252,-2.08
4315,2017-06-19,6140,6220,6000,6100,121552,-0.16
4316,2017-06-20,6100,6270,6040,6170,206994,1.15
4317,2017-06-21,6190,6220,5980,6010,137329,-2.59
4318,2017-06-22,6010,6060,5900,5930,154691,-1.33
4319,2017-06-23,5960,6020,5850,5930,98208,0.0
4320,2017-06-26,5970,5990,5810,5910,91348,-0.34
4321,2017-06-27,5890,6040,5830,5980,110320,1.18
4322,2017-06-28,5980,5990,5890,5950,97414,-0.5
4323,2017-06-29,5950,6020,5900,5970,54013,0.34
4324,2017-06-30,5960,6000,5870,5900,64392,-1.17
4325,2017-07-03,5900,5940,5820,5850,90492,-0.85
4326,2017-07-04,5820,5910,5720,5750,117699,-1.71
4327,2017-07-05,5710,5870,5710,5830,74998,1.39
4328,2017-07-06,5830,5900,5830,5840,49749,0.17
4329,2017-07-07,5800,5940,5800,5870,61954,0.51
4330,2017-07-10,5870,5960,5840,5880,70221,0.17
4331,2017-07-11,5850,5950,5850,5940,69615,1.02
4332,2017-07-12,5960,6100,5920,5980,100720,0.67
4333,2017-07-13,5960,6050,5920,5930,70825,-0.84
4334,2017-07-14,5980,5980,5850,5900,67232,-0.51
4335,2017-07-17,5900,5940,5810,5860,53951,-0.68
4336,2017-07-18,5840,5890,5750,5840,83924,-0.34
4337,2017-07-19,5860,6020,5810,5970,91997,2.23
4338,2017-07-20,5980,6090,5930,6050,77322,1.34
4339,2017-07-21,6070,6110,6030,6040,58711,-0.17
4340,2017-07-24,6040,6090,5920,5950,57859,-1.49
4341,2017-07-25,5960,5980,5870,5870,79649,-1.34
4342,2017-07-26,5900,5940,5780,5810,65041,-1.02
4343,2017-07-27,5810,5860,5750,5770,37395,-0.69
4344,2017-07-28,5770,5770,5480,5500,164485,-4.68
4345,2017-07-31,5410,5520,5230,5310,166762,-3.45
4346,2017-08-01,5320,5390,5300,5330,90761,0.38
4347,2017-08-02,5360,5420,5320,5330,58729,0.0
4348,2017-08-03,5350,5390,5180,5210,72719,-2.25
4349,2017-08-04,5250,5270,5080,5180,111576,-0.58
4350,2017-08-07,5190,5310,5170,5220,50492,0.77
4351,2017-08-08,5260,5300,5190,5210,28734,-0.19
4352,2017-08-09,5210,5270,5130,5190,39563,-0.38
4353,2017-08-10,5170,5280,5080,5210,54193,0.39
4354,2017-08-11,5150,5200,4945,5020,150731,-3.65
4355,2017-08-14,5020,5070,4890,4935,72568,-1.69
4356,2017-08-16,4920,5030,4920,4970,52886,0.71
4357,2017-08-17,4970,5060,4970,5040,34606,1.41
4358,2017-08-18,5000,5170,5000,5120,58240,1.59
4359,2017-08-21,5160,5190,5000,5020,54921,-1.95
4360,2017-08-22,5040,5090,5010,5040,25449,0.4
4361,2017-08-23,5040,5100,4955,5050,56799,0.2
4362,2017-08-24,5050,5080,4990,5000,34562,-0.99
4363,2017-08-25,5020,5160,5010,5100,48356,2.0
4364,2017-08-28,5090,5230,5000,5070,71768,-0.59
4365,2017-08-29,5050,5140,5010,5060,26626,-0.2
4366,2017-08-30,5120,5350,5110,5190,181468,2.57
4367,2017-08-31,5190,5250,5180,5200,59528,0.19
4368,2017-09-01,5250,5270,5190,5200,44134,0.0
4369,2017-09-04,5090,5150,5050,5090,51801,-2.12
4370,2017-09-05,5110,5150,5010,5100,42306,0.2
4371,2017-09-06,5100,5100,4955,5010,63823,-1.76
4372,2017-09-07,5030,5210,5020,5180,92627,3.39
4373,2017-09-08,5160,5240,5100,5160,30625,-0.39
4374,2017-09-11,5180,5200,5070,5070,37697,-1.74
4375,2017-09-12,5050,5100,5020,5070,67850,0.0
4376,2017-09-13,5070,5080,4970,4970,63302,-1.97
4377,2017-09-14,4970,5020,4960,4995,30315,0.5
4378,2017-09-15,4960,5010,4950,4970,50819,-0.5
4379,2017-09-18,4960,5070,4960,5020,45513,1.01
4380,2017-09-19,5030,5210,5020,5120,87827,1.99
4381,2017-09-20,5100,5170,5080,5110,26682,-0.2
4382,2017-09-21,5070,5130,5030,5080,39146,-0.59
4383,2017-09-22,5050,5090,4950,4950,59972,-2.56
4384,2017-09-25,4880,4950,4625,4640,133781,-6.26
4385,2017-09-26,4420,4755,4400,4655,121846,0.32
4386,2017-09-27,4655,4750,4655,4715,33782,1.29
4387,2017-09-28,4720,4760,4655,4700,30197,-0.32
4388,2017-09-29,4690,4780,4690,4760,62152,1.28
4389,2017-10-10,4780,4850,4660,4720,35770,-0.84
4390,2017-10-11,4700,4840,4700,4800,30766,1.69
4391,2017-10-12,4800,4835,4740,4810,31188,0.21
4392,2017-10-13,4770,4850,4725,4730,36556,-1.66
4393,2017-10-16,4750,5200,4705,4850,308046,2.54
4394,2017-10-17,4845,4940,4800,4855,47795,0.1
4395,2017-10-18,4850,4900,4765,4795,47411,-1.24
4396,2017-10-19,4795,4840,4760,4795,51130,0.0
4397,2017-10-20,4835,4860,4805,4860,47620,1.36
4398,2017-10-23,4870,4890,4820,4830,32706,-0.62
4399,2017-10-24,4815,4900,4790,4820,29849,-0.21
4400,2017-10-25,4825,4855,4810,4815,23393,-0.1
4401,2017-10-26,4815,4830,4790,4800,29364,-0.31
4402,2017-10-27,4790,4920,4790,4890,63811,1.88
4403,2017-10-30,4895,4930,4865,4900,53273,0.2
4404,2017-10-31,4940,4940,4875,4900,20924,0.0
4405,2017-11-01,4910,4935,4875,4875,34376,-0.51
4406,2017-11-02,4865,4900,4810,4840,52093,-0.72
4407,2017-11-03,4950,5750,4915,5160,4794410,6.61
4408,2017-11-06,5150,5260,5050,5230,376750,1.36
4409,2017-11-07,5220,5290,5100,5270,322005,0.76
4410,2017-11-08,5250,5250,5170,5220,119417,-0.95
4411,2017-11-09,5260,5270,5130,5210,165001,-0.19
4412,2017-11-10,5170,5240,5150,5160,96661,-0.96
4413,2017-11-13,5170,5340,5110,5280,199652,2.33
4414,2017-11-14,5290,5360,5240,5340,163015,1.14
4415,2017-11-15,5360,5440,5200,5200,251436,-2.62
4416,2017-11-16,5200,5400,5180,5310,129004,2.12
4417,2017-11-17,5380,5540,5280,5320,208908,0.19
4418,2017-11-20,5330,5530,5330,5510,208454,3.57
4419,2017-11-21,5540,5550,5390,5400,161048,-2.0
4420,2017-11-22,5400,5470,5200,5220,189762,-3.33
4421,2017-11-23,5200,5350,5200,5280,63426,1.15
4422,2017-11-24,5280,5370,5280,5300,84414,0.38
4423,2017-11-27,5300,5380,5230,5330,75049,0.57
4424,2017-11-28,5350,6300,5320,5650,6975159,6.0
4425,2017-11-29,5690,5990,5460,5500,1037466,-2.65
4426,2017-11-30,5530,5660,5450,5480,406762,-0.36
4427,2017-12-01,5500,5700,5460,5680,365896,3.65
4428,2017-12-04,5740,6600,5720,6400,3566296,12.68
4429,2017-12-05,6390,6450,5930,5940,1236798,-7.19
4430,2017-12-06,6010,6190,5800,5810,638941,-2.19
4431,2017-12-07,5900,5900,5580,5690,423042,-2.07
4432,2017-12-08,5940,5940,5460,5510,323648,-3.16
4433,2017-12-11,5510,5670,5500,5570,103934,1.09
4434,2017-12-12,5630,5830,5600,5770,194206,3.59
4435,2017-12-13,5880,6010,5780,5820,229292,0.87
4436,2017-12-14,5820,5830,5690,5690,93753,-2.23
4437,2017-12-15,5690,5830,5690,5800,86940,1.93
4438,2017-12-18,5860,5990,5820,5840,153604,0.69
4439,2017-12-19,5900,6290,5590,5950,1723836,1.88
4440,2017-12-20,5900,5910,5690,5690,242505,-4.37
4441,2017-12-21,5700,5770,5400,5400,229056,-5.1
4442,2017-12-22,5400,5510,5370,5400,156231,0.0
4443,2017-12-26,5410,5460,5310,5340,123029,-1.11
4444,2017-12-27,5360,5410,5310,5390,123093,0.94
4445,2017-12-28,5440,5520,5390,5490,74299,1.86
4446,2018-01-02,5490,5700,5450,5660,147883,3.1
4447,2018-01-03,5700,6010,5690,5770,703279,1.94
4448,2018-01-04,5780,5840,5700,5750,147982,-0.35
4449,2018-01-05,5870,6060,5810,5980,546078,4.0
4450,2018-01-08,5980,6090,5880,5980,235718,0.0
4451,2018-01-09,5990,6020,5740,5740,189352,-4.01
4452,2018-01-10,5750,5860,5700,5800,117438,1.05
4453,2018-01-11,5870,5870,5700,5740,94608,-1.03
4454,2018-01-12,5760,6100,5720,5960,336713,3.83
4455,2018-01-15,5950,6240,5950,6070,404684,1.85
4456,2018-01-16,6150,6210,5960,6000,195360,-1.15
4457,2018-01-17,6020,6050,5910,5950,106442,-0.83
4458,2018-01-18,5950,6250,5950,6170,312512,3.7
4459,2018-01-19,6210,6210,6020,6030,181147,-2.27
4460,2018-01-22,6140,7250,6130,6760,5557290,12.11
4461,2018-01-23,6780,6840,6600,6740,900937,-0.3
4462,2018-01-24,6820,6830,6540,6690,706326,-0.74
4463,2018-01-25,6700,6740,6590,6710,357456,0.3
4464,2018-01-26,6660,6900,6600,6810,652095,1.49
4465,2018-01-29,6870,6870,6660,6660,367464,-2.2
4466,2018-01-30,6730,6730,6420,6600,283440,-0.9
4467,2018-01-31,6580,6610,6420,6440,253264,-2.42
4468,2018-02-01,6430,6710,6430,6550,270081,1.71
4469,2018-02-02,6550,6570,6310,6430,210849,-1.83
4470,2018-02-05,6300,6940,6090,6090,1875314,-5.29
4471,2018-02-06,5800,6210,5730,6120,418775,0.49
4472,2018-02-07,6190,6360,6020,6030,350208,-1.47
4473,2018-02-08,6060,6190,5950,6150,149339,1.99
4474,2018-02-09,5990,6150,5950,6060,137678,-1.46
4475,2018-02-12,6190,6200,6050,6070,152107,0.17
4476,2018-02-13,6090,6330,5960,5980,211365,-1.48
4477,2018-02-14,6040,6140,5970,6100,73059,2.01
4478,2018-02-19,6210,6330,6130,6190,84387,1.48
4479,2018-02-20,6210,6350,6180,6260,124426,1.13
4480,2018-02-21,6300,6300,6200,6250,87888,-0.16
4481,2018-02-22,6250,6380,6200,6240,153966,-0.16
4482,2018-02-23,6230,6490,6220,6470,316109,3.69
4483,2018-02-26,6470,6570,6340,6350,160295,-1.85
4484,2018-02-27,6440,6440,6320,6330,68084,-0.31
4485,2018-02-28,6310,6380,6220,6230,111050,-1.58
4486,2018-03-02,6140,6270,6100,6180,80486,-0.8
4487,2018-03-05,6180,6290,6010,6080,91894,-1.62
4488,2018-03-06,6100,6170,6010,6070,76704,-0.16
4489,2018-03-07,6070,6150,5960,5960,99703,-1.81
4490,2018-03-08,5980,6100,5960,6090,60566,2.18
4491,2018-03-09,6070,6250,6070,6190,82832,1.64
4492,2018-03-12,6260,6270,6170,6230,92206,0.65
4493,2018-03-13,6190,6390,6190,6370,111628,2.25
4494,2018-03-14,6360,6430,6290,6360,79143,-0.16
4495,2018-03-15,6330,6480,6310,6420,137927,0.94
4496,2018-03-16,6420,6500,6200,6250,131039,-2.65
4497,2018-03-19,6450,6450,6150,6150,98777,-1.6
4498,2018-03-20,6150,6200,6090,6140,90969,-0.16
4499,2018-03-21,6150,6310,6100,6140,76804,0.0
4500,2018-03-22,6210,6230,5950,5950,169150,-3.09
4501,2018-03-23,5860,5890,5670,5700,151038,-4.2
4502,2018-03-26,5620,5730,5520,5720,161092,0.35
4503,2018-03-27,5790,5820,5660,5670,83128,-0.87
4504,2018-03-28,5640,5650,5500,5560,116868,-1.94
4505,2018-03-29,5550,5630,5510,5580,63425,0.36
4506,2018-03-30,5610,5670,5570,5630,69732,0.9
4507,2018-04-02,5640,5650,5500,5600,59731,-0.53
4508,2018-04-03,5500,5640,5500,5620,68775,0.36
4509,2018-04-04,5620,5670,5480,5530,84117,-1.6
4510,2018-04-05,5570,6500,5530,5780,1361998,4.52
4511,2018-04-06,5810,5860,5690,5710,132353,-1.21
4512,2018-04-09,5680,5910,5650,5870,164360,2.8
4513,2018-04-10,5840,6380,5810,6070,960249,3.41
4514,2018-04-11,6170,6380,6100,6210,435841,2.31
4515,2018-04-12,6290,6440,6200,6210,294731,0.0
4516,2018-04-13,6250,6360,6030,6350,207558,2.25
4517,2018-04-16,6350,6410,6270,6370,160425,0.31
4518,2018-04-17,6460,6550,6300,6300,333902,-1.1
4519,2018-04-18,6330,6390,6200,6240,133836,-0.95
4520,2018-04-19,6270,6310,5990,6080,241356,-2.56
4521,2018-04-20,6080,6220,6080,6120,67945,0.66
4522,2018-04-23,6190,6190,6000,6020,108559,-1.63
4523,2018-04-24,5980,6230,5950,6040,101326,0.33
4524,2018-04-25,6010,6260,6000,6100,118929,0.99
4525,2018-04-26,6130,6240,6030,6050,81942,-0.82
4526,2018-04-27,6090,6340,6090,6330,264501,4.63
4527,2018-04-30,6260,6330,6130,6160,199095,-2.69
4528,2018-05-02,6110,6160,5970,6010,185142,-2.44
4529,2018-05-03,6090,6380,6090,6330,273258,5.32
4530,2018-05-04,6450,6700,6290,6370,648558,0.63
4531,2018-05-08,6530,6530,6050,6080,266865,-4.55
4532,2018-05-09,6100,6160,5850,5960,217441,-1.97
4533,2018-05-10,5990,6010,5840,5890,130881,-1.17
4534,2018-05-11,5850,6050,5850,5930,93846,0.68
4535,2018-05-14,5930,6040,5800,5800,140691,-2.19
4536,2018-05-15,5830,5890,5720,5770,92619,-0.52
4537,2018-05-16,5730,5730,5600,5600,111687,-2.95
4538,2018-05-17,5600,5690,5600,5600,45036,0.0
4539,2018-05-18,5550,6380,5550,5870,887563,4.82
4540,2018-05-21,5880,6010,5850,5920,119012,0.85
4541,2018-05-23,5930,5940,5810,5810,94832,-1.86
4542,2018-05-24,5830,6050,5830,5970,110332,2.75
4543,2018-05-25,5900,6010,5860,5970,90292,0.0
4544,2018-05-28,5960,5980,5870,5930,86965,-0.67
4545,2018-05-29,5940,6000,5860,5880,83763,-0.84
4546,2018-05-30,5840,5930,5700,5720,97296,-2.72
4547,2018-05-31,5830,5830,5690,5740,42492,0.35
4548,2018-06-01,5740,5780,5680,5720,45020,-0.35
4549,2018-06-04,5730,5860,5720,5750,35389,0.52
4550,2018-06-05,5780,5850,5750,5820,31688,1.22
4551,2018-06-07,5810,5950,5800,5860,53884,0.69
4552,2018-06-08,5820,5920,5820,5900,45707,0.68
4553,2018-06-11,5920,5950,5850,5900,28815,0.0
4554,2018-06-12,5890,5990,5750,5810,96633,-1.53
4555,2018-06-14,5800,5800,5690,5690,50510,-2.07
4556,2018-06-15,5700,5770,5600,5600,56016,-1.58
4557,2018-06-18,5610,5660,5320,5390,122712,-3.75
4558,2018-06-19,5390,5440,5080,5080,144180,-5.75
4559,2018-06-20,5040,5230,5040,5230,70496,2.95
4560,2018-06-21,5240,5270,5140,5140,42203,-1.72
4561,2018-06-22,5160,5330,5100,5170,81079,0.58
4562,2018-06-25,5180,5280,5100,5190,46735,0.39
4563,2018-06-26,5190,5250,5100,5190,36013,0.0
4564,2018-06-27,5190,5350,5150,5160,29450,-0.58
4565,2018-06-28,5160,5230,5060,5060,21281,-1.94
4566,2018-06-29,5040,5080,4970,5040,50101,-0.4
4567,2018-07-02,5020,5090,4840,4875,54254,-3.27
4568,2018-07-03,4880,5030,4850,4910,67846,0.72
4569,2018-07-04,4850,4985,4850,4985,17706,1.53
4570,2018-07-05,4960,5070,4915,4945,14018,-0.8
4571,2018-07-06,4945,5030,4920,5010,22349,1.31
4572,2018-07-09,5010,5120,5000,5070,27625,1.2
4573,2018-07-10,5120,5160,5060,5150,20585,1.58
4574,2018-07-11,5120,5180,5050,5090,22279,-1.17
4575,2018-07-12,5120,5120,5040,5080,24056,-0.2
4576,2018-07-13,5100,5160,5090,5090,22858,0.2
4577,2018-07-16,5160,5160,4900,5010,34222,-1.57
4578,2018-07-17,5010,5090,4975,5060,30306,1.0
4579,2018-07-18,5100,5170,5040,5080,26918,0.4
4580,2018-07-19,5080,5110,5000,5070,15170,-0.2
4581,2018-07-20,5110,5690,5110,5230,1335879,3.16
4582,2018-07-23,5270,5360,5150,5170,110829,-1.15
4583,2018-07-24,5140,5250,5110,5150,58684,-0.39
4584,2018-07-25,5150,5200,5000,5010,97594,-2.72
4585,2018-07-26,5020,5100,5010,5050,35639,0.8
4586,2018-07-27,5050,5190,5050,5180,34892,2.57
4587,2018-07-30,5150,5310,5130,5240,59155,1.16
4588,2018-07-31,5240,5380,5210,5220,96630,-0.38
4589,2018-08-01,5220,5320,5200,5280,25221,1.15
4590,2018-08-02,5260,5380,5240,5240,42152,-0.76
4591,2018-08-03,5320,5420,5250,5380,49401,2.67
4592,2018-08-06,5390,5440,5310,5340,28119,-0.74
4593,2018-08-07,5310,5650,5310,5500,311243,3.0
4594,2018-08-08,5450,5590,5450,5500,62222,0.0
4595,2018-08-09,5480,5650,5470,5530,63990,0.55
4596,2018-08-10,5470,5580,5460,5490,44822,-0.72
4597,2018-08-13,5530,5530,5250,5260,62827,-4.19
4598,2018-08-14,5270,5400,5260,5300,27333,0.76
4599,2018-08-16,5290,5290,5120,5170,26827,-2.45
4600,2018-08-17,5250,5560,5250,5320,82270,2.9
4601,2018-08-20,5380,5430,5340,5420,25850,1.88
4602,2018-08-21,5370,5510,5370,5510,34234,1.66
4603,2018-08-22,5470,5590,5420,5430,70137,-1.45
4604,2018-08-23,5450,5510,5410,5430,31299,0.0
4605,2018-08-24,5500,5540,5440,5450,31050,0.37
4606,2018-08-27,5530,5550,5440,5460,21130,0.18
4607,2018-08-28,5440,5570,5440,5550,37859,1.65
4608,2018-08-29,5540,5570,5470,5540,24793,-0.18
4609,2018-08-30,5560,5600,5480,5480,39713,-1.08
4610,2018-08-31,5420,5530,5390,5500,33803,0.36
4611,2018-09-03,5500,5540,5470,5480,26839,-0.36
4612,2018-09-04,5440,5540,5420,5470,29793,-0.18
4613,2018-09-05,5470,5590,5440,5480,57011,0.18
4614,2018-09-06,5450,5540,5400,5420,16389,-1.09
4615,2018-09-07,5500,5510,5310,5380,28192,-0.74
4616,2018-09-10,5390,5410,5270,5340,25677,-0.74
4617,2018-09-11,5340,5410,5260,5360,16647,0.37
4618,2018-09-12,5410,5420,5300,5350,18020,-0.19
4619,2018-09-13,5310,5350,5240,5310,50259,-0.75
4620,2018-09-14,5300,5410,5300,5360,36470,0.94
4621,2018-09-17,5430,5440,5310,5420,45803,1.12
4622,2018-09-18,5420,5680,5400,5590,231650,3.14
4623,2018-09-19,5640,5710,5560,5610,134946,0.36
4624,2018-09-20,5590,5700,5530,5570,77466,-0.71
4625,2018-09-21,5620,5940,5520,5860,458022,5.21
4626,2018-09-27,5950,5970,5800,5900,120913,0.68
4627,2018-09-28,5870,6050,5840,5880,144162,-0.34
4628,2018-10-01,5880,5970,5750,5880,75161,0.0
4629,2018-10-02,5820,6170,5720,6030,486496,2.55
4630,2018-10-04,6050,6180,5910,5910,177474,-1.99
4631,2018-10-05,5930,6000,5600,5660,108911,-4.23
4632,2018-10-08,5660,5800,5630,5690,52154,0.53
4633,2018-10-10,5670,5800,5450,5460,70558,-4.04
4634,2018-10-11,5250,5360,5000,5000,165574,-8.42
4635,2018-10-12,4850,5190,4850,5120,99095,2.4
4636,2018-10-15,5100,5130,4990,5050,79839,-1.37
4637,2018-10-16,5030,5140,5030,5110,43578,1.19
4638,2018-10-17,5200,5260,5140,5160,26833,0.98
4639,2018-10-18,5240,5300,5100,5180,28111,0.39
4640,2018-10-19,5110,5220,5060,5180,18787,0.0
4641,2018-10-22,5250,5280,5180,5270,18917,1.74
4642,2018-10-23,5270,5300,5100,5100,38269,-3.23
4643,2018-10-24,5190,5190,4960,5020,68697,-1.57
4644,2018-10-25,5000,5070,4820,5000,77873,-0.4
4645,2018-10-26,5060,5060,4710,4730,109111,-5.4
4646,2018-10-29,4650,4880,4490,4490,138180,-5.07
4647,2018-10-30,4050,4600,4050,4510,178492,0.45
4648,2018-10-31,4500,4650,4490,4625,21163,2.55
4649,2018-11-01,4600,4860,4600,4690,54045,1.41
4650,2018-11-02,4695,4900,4695,4900,22709,4.48
4651,2018-11-05,4900,4900,4830,4875,31661,-0.51
4652,2018-11-06,4850,4960,4845,4890,22468,0.31
4653,2018-11-07,4850,5010,4850,4880,37536,-0.2
4654,2018-11-08,4940,5050,4940,5000,12927,2.46
4655,2018-11-09,5000,5050,4940,5050,35701,1.0
4656,2018-11-12,5050,5090,4745,4760,72253,-5.74
4657,2018-11-13,4620,4870,4620,4860,30441,2.1
4658,2018-11-14,4865,4895,4700,4870,24615,0.21
4659,2018-11-15,4900,4980,4810,4910,35197,0.82
4660,2018-11-16,4955,5080,4930,5010,31967,2.04
4661,2018-11-19,5080,5200,5020,5200,33010,3.79
4662,2018-11-20,5500,6030,5240,5240,1728983,0.77
4663,2018-11-21,5110,5380,5010,5240,281013,0.0
4664,2018-11-22,5250,5290,5120,5120,103768,-2.29
4665,2018-11-23,5100,5200,4995,5100,73370,-0.39
4666,2018-11-26,5060,5160,4955,5110,122197,0.2
4667,2018-11-27,5150,5350,5100,5340,189868,4.5
4668,2018-11-28,5370,5500,5250,5250,140746,-1.69
4669,2018-11-29,5350,5350,5200,5260,65644,0.19
4670,2018-11-30,5260,5300,5180,5200,36343,-1.14
4671,2018-12-03,5250,5290,5070,5220,148028,0.38
4672,2018-12-04,5230,5230,5120,5170,40723,-0.96
4673,2018-12-05,5050,5120,5030,5070,57174,-1.93
4674,2018-12-06,5010,5060,4750,4805,160720,-5.23
4675,2018-12-07,4815,4910,4750,4750,64877,-1.14
4676,2018-12-10,4750,4750,4580,4600,48859,-3.16
4677,2018-12-11,4700,4710,4540,4540,40091,-1.3
4678,2018-12-12,4505,4700,4505,4690,58783,3.3
4679,2018-12-13,4660,4890,4660,4835,33329,3.09
4680,2018-12-14,4840,4845,4700,4730,50418,-2.17
4681,2018-12-17,4700,4770,4565,4660,51373,-1.48
4682,2018-12-18,4610,4690,4605,4660,27112,0.0
4683,2018-12-19,4710,4715,4630,4660,15430,0.0
4684,2018-12-20,4690,4700,4560,4625,21606,-0.75
4685,2018-12-21,4645,4655,4565,4600,236033,-0.54
4686,2018-12-24,4595,4600,4510,4510,21585,-1.96
4687,2018-12-26,4490,4490,4300,4345,89758,-3.66
4688,2018-12-27,4355,4425,4350,4375,28674,0.69
4689,2018-12-28,4360,4495,4360,4470,19882,2.17
4690,2019-01-02,4515,4650,4460,4460,33893,-0.22
4691,2019-01-03,4410,4535,4410,4450,13630,-0.22
4692,2019-01-04,4450,4510,4420,4510,13281,1.35
4693,2019-01-07,4535,4615,4535,4570,10829,1.33
4694,2019-01-08,4570,4805,4550,4560,37134,-0.22
4695,2019-01-09,4620,4635,4560,4630,10702,1.54
4696,2019-01-10,4600,4750,4600,4685,16633,1.19
4697,2019-01-11,4685,4720,4655,4690,14189,0.11
4698,2019-01-14,4645,4710,4645,4670,10094,-0.43
4699,2019-01-15,4650,4685,4630,4655,21528,-0.32
4700,2019-01-16,4660,4670,4450,4640,26741,-0.32
4701,2019-01-17,4610,4680,4595,4640,26604,0.0
4702,2019-01-18,4645,4745,4645,4715,36288,1.62
4703,2019-01-21,4715,4820,4715,4800,41582,1.8
4704,2019-01-22,4770,4830,4750,4780,13900,-0.42
4705,2019-01-23,4775,4800,4725,4790,13323,0.21
4706,2019-01-24,4825,4825,4745,4810,36551,0.42
4707,2019-01-25,4795,4830,4730,4805,35598,-0.1
4708,2019-01-28,4805,4935,4745,4810,72661,0.1
4709,2019-01-29,4810,4830,4675,4735,42987,-1.56
4710,2019-01-30,4735,4755,4685,4725,19096,-0.21
4711,2019-01-31,4735,4750,4700,4730,20387,0.11
4712,2019-02-01,4730,4780,4720,4755,24206,0.53
4713,2019-02-07,4765,4800,4700,4745,36334,-0.21
4714,2019-02-08,4745,4870,4740,4865,57128,2.53
4715,2019-02-11,4870,4900,4845,4845,15676,-0.41
4716,2019-02-12,4850,4875,4750,4830,27481,-0.31
4717,2019-02-13,4830,4900,4735,4895,59809,1.35
4718,2019-02-14,4895,4970,4810,4945,71256,1.02
4719,2019-02-15,4945,5010,4860,4860,32466,-1.72
4720,2019-02-18,4860,4920,4860,4895,24229,0.72
4721,2019-02-19,4945,4985,4875,4980,32516,1.74
4722,2019-02-20,5000,5160,4960,5070,114871,1.81
4723,2019-02-21,5070,5100,4980,4990,39035,-1.58
4724,2019-02-22,4990,5100,4990,5010,38901,0.4
4725,2019-02-25,5040,5080,4990,5000,57907,-0.2
4726,2019-02-26,5000,5040,4935,4950,31804,-1.0
4727,2019-02-27,4995,4995,4940,4970,15024,0.4
4728,2019-02-28,5350,5380,4900,4900,395022,-1.41
4729,2019-03-04,5040,5150,5040,5100,91707,4.08
4730,2019-03-05,5080,5130,5040,5050,21003,-0.98
4731,2019-03-06,5090,5100,5000,5050,28207,0.0
4732,2019-03-07,5050,5220,5020,5110,140444,1.19
4733,2019-03-08,5190,5290,5130,5150,85258,0.78
4734,2019-03-11,5170,5190,5000,5070,83342,-1.55
4735,2019-03-12,5070,5140,5050,5080,59031,0.2
4736,2019-03-13,5090,5250,5080,5220,124948,2.76
4737,2019-03-14,5230,5260,5180,5230,37183,0.19
4738,2019-03-15,5230,5250,5090,5100,51793,-2.49
4739,2019-03-18,5160,5270,5080,5260,74306,3.14
4740,2019-03-19,5280,5300,5170,5210,44068,-0.95
4741,2019-03-20,5220,5220,5020,5100,36797,-2.11
4742,2019-03-21,5160,5160,4980,4995,63786,-2.06
4743,2019-03-22,5000,5080,4980,5010,36247,0.3
4744,2019-03-25,4955,5030,4890,4940,33003,-1.4
4745,2019-03-26,4960,4995,4890,4890,23843,-1.01
4746,2019-03-27,4925,4925,4845,4890,63159,0.0
4747,2019-03-28,4890,4900,4840,4870,15218,-0.41
4748,2019-03-29,4870,4905,4795,4825,38525,-0.92
4749,2019-04-01,4890,4940,4835,4915,28904,1.87
4750,2019-04-02,4925,5090,4925,5010,56015,1.93
4751,2019-04-03,5020,5080,4970,5050,24099,0.8
4752,2019-04-04,5050,5130,5050,5090,37192,0.79
4753,2019-04-05,5090,5150,5060,5130,33989,0.79
4754,2019-04-08,5140,5180,5100,5100,39880,-0.58
4755,2019-04-09,5100,5150,5050,5100,16430,0.0
4756,2019-04-10,5110,5140,5080,5100,35894,0.0
4757,2019-04-11,5120,5170,5090,5150,22607,0.98
4758,2019-04-12,5170,5170,5100,5150,24344,0.0
4759,2019-04-15,5180,5230,5110,5180,49658,0.58
4760,2019-04-16,5180,5200,5130,5170,12366,-0.19
4761,2019-04-17,5160,5180,5050,5110,20907,-1.16
4762,2019-04-18,5110,5160,5080,5150,28325,0.78
4763,2019-04-19,5160,5230,5150,5230,51488,1.55
4764,2019-04-22,5260,5320,5200,5260,63163,0.57
4765,2019-04-23,5270,5290,5200,5260,18320,0.0
4766,2019-04-24,5260,5330,5200,5300,90992,0.76
4767,2019-04-25,5330,5330,5160,5200,50941,-1.89
4768,2019-04-26,5200,5230,5080,5100,41240,-1.92
4769,2019-04-29,5090,5160,5050,5140,23564,0.78
4770,2019-04-30,5080,5170,5030,5100,23437,-0.78
4771,2019-05-02,5100,5280,5090,5220,65792,2.35
4772,2019-05-03,5270,5320,5210,5290,71596,1.34
4773,2019-05-07,5280,5310,5170,5250,45063,-0.76
4774,2019-05-08,5250,5250,5140,5140,28313,-2.1
4775,2019-05-09,5140,5200,4870,4935,102590,-3.99
4776,2019-05-10,4870,4980,4855,4905,43398,-0.61
4777,2019-05-13,4890,4965,4810,4830,34241,-1.53
4778,2019-05-14,4725,4880,4725,4840,42386,0.21
4779,2019-05-15,4880,4945,4860,4900,31608,1.24
4780,2019-05-16,4950,5070,4880,4915,70950,0.31
4781,2019-05-17,4915,5000,4885,4900,38993,-0.31
4782,2019-05-20,4905,4965,4755,4815,40670,-1.73
4783,2019-05-21,4875,4885,4800,4875,57887,1.25
4784,2019-05-22,4870,4955,4845,4875,52534,0.0
4785,2019-05-23,4900,4900,4785,4785,29039,-1.85
4786,2019-05-24,4755,4785,4650,4680,45235,-2.19
4787,2019-05-27,4645,4745,4565,4645,61817,-0.75
4788,2019-05-28,4660,4715,4635,4715,38706,1.51
4789,2019-05-29,4650,4715,4600,4600,40032,-2.44
4790,2019-05-30,4605,4650,4550,4560,25372,-0.87
4791,2019-05-31,4605,4620,4535,4610,18706,1.1
4792,2019-06-03,4615,4615,4535,4580,38884,-0.65
4793,2019-06-04,4550,4600,4540,4590,21614,0.22
4794,2019-06-05,4635,4640,4585,4600,46339,0.22
4795,2019-06-07,4625,4690,4620,4675,35958,1.63
4796,2019-06-10,4695,4720,4655,4690,53610,0.32
4797,2019-06-11,4670,4715,4670,4710,22045,0.43
4798,2019-06-12,4710,4735,4670,4705,19970,-0.11
4799,2019-06-13,4680,4840,4665,4840,87888,2.87
4800,2019-06-14,4790,4895,4765,4820,32639,-0.41
4801,2019-06-17,4825,4850,4755,4785,39471,-0.73
4802,2019-06-18,4805,4815,4710,4735,39986,-1.04
4803,2019-06-19,4750,4785,4725,4730,31313,-0.11
4804,2019-06-20,4750,4845,4750,4800,50943,1.48
4805,2019-06-21,4775,4860,4770,4780,30085,-0.42
4806,2019-06-24,4825,4840,4750,4800,39328,0.42
4807,2019-06-25,4790,4890,4770,4830,53570,0.63
4808,2019-06-26,4800,4830,4770,4795,21632,-0.72
4809,2019-06-27,4790,4810,4680,4700,38564,-1.98
4810,2019-06-28,4690,4720,4560,4570,55615,-2.77
4811,2019-07-01,4585,4630,4575,4600,36509,0.66
4812,2019-07-02,4580,4645,4575,4635,26523,0.76
4813,2019-07-03,4650,4650,4555,4600,36989,-0.76
4814,2019-07-04,4610,4610,4485,4540,37198,-1.3
4815,2019-07-05,4585,4605,4500,4535,29438,-0.11
4816,2019-07-08,4520,4540,4200,4300,79285,-5.18
4817,2019-07-09,4335,4385,4250,4300,48927,0.0
4818,2019-07-10,4255,4325,4255,4290,27750,-0.23
4819,2019-07-11,4275,4385,4275,4330,27173,0.93
4820,2019-07-12,4350,4410,4300,4365,21492,0.81
4821,2019-07-15,4365,4385,4250,4255,29382,-2.52
4822,2019-07-16,4300,4490,4240,4370,69017,2.7
4823,2019-07-17,4385,4395,4290,4345,29505,-0.57
4824,2019-07-18,4315,4375,4270,4350,20099,0.12
4825,2019-07-19,4345,4385,4310,4320,12232,-0.69
4826,2019-07-22,4320,4385,4295,4350,15811,0.69
4827,2019-07-23,4330,4370,4255,4270,25919,-1.84
4828,2019-07-24,4290,4310,4160,4205,49206,-1.52
4829,2019-07-25,4170,4240,3975,4065,99326,-3.33
4830,2019-07-26,4065,4090,3960,4020,45958,-1.11
4831,2019-07-29,4025,4025,3765,3790,94309,-5.72
4832,2019-07-30,3710,3885,3710,3840,65750,1.32
4833,2019-07-31,3800,3930,3800,3930,72317,2.34
4834,2019-08-01,3925,3935,3835,3905,27159,-0.64
4835,2019-08-02,3875,4000,3810,3990,47087,2.18
4836,2019-08-05,3930,3980,3585,3615,158045,-9.4
4837,2019-08-06,3485,3665,3350,3350,224042,-7.33
4838,2019-08-07,3390,3600,3390,3580,142487,6.87
4839,2019-08-08,3580,3710,3580,3645,43518,1.82
4840,2019-08-09,3660,3755,3655,3715,36248,1.92
4841,2019-08-12,3725,3775,3670,3750,15573,0.94
4842,2019-08-13,3740,3765,3710,3745,8910,-0.13
4843,2019-08-14,3835,3865,3780,3810,29021,1.74
4844,2019-08-16,3730,3735,3670,3715,29622,-2.49
4845,2019-08-19,3710,3715,3650,3685,38914,-0.81
4846,2019-08-20,3680,3775,3660,3730,48015,1.22
4847,2019-08-21,3740,3865,3735,3805,34792,2.01
4848,2019-08-22,3805,3835,3775,3790,14273,-0.39
4849,2019-08-23,3745,3905,3685,3835,47710,1.19
4850,2019-08-26,3710,3790,3660,3675,23543,-4.17
4851,2019-08-27,3725,3760,3665,3670,18927,-0.14
4852,2019-08-28,3700,3705,3640,3700,8810,0.82
4853,2019-08-29,3705,4290,3705,4015,1530141,8.51
4854,2019-08-30,4040,4100,3960,3975,277167,-1.0
4855,2019-09-02,3975,4115,3950,4115,188908,3.52
4856,2019-09-03,4120,4130,4015,4015,101668,-2.43
4857,2019-09-04,4055,4075,3990,4000,64098,-0.37
4858,2019-09-05,4005,4095,4005,4080,83449,2.0
4859,2019-09-06,4120,4120,3920,3920,62627,-3.92
4860,2019-09-09,3965,4055,3965,4040,58487,3.06
4861,2019-09-10,4040,4090,3990,4045,45924,0.12
4862,2019-09-11,4080,4090,3990,4040,34855,-0.12
4863,2019-09-16,4050,4085,4000,4060,24146,0.5
4864,2019-09-17,4080,4180,4010,4165,68277,2.59
4865,2019-09-18,4180,4180,4075,4145,33029,-0.48
4866,2019-09-19,4145,4150,4055,4075,32818,-1.69
4867,2019-09-20,4080,4140,4040,4095,29017,0.49
4868,2019-09-23,4130,4130,4000,4050,28966,-1.1
4869,2019-09-24,4085,4095,4010,4080,16761,0.74
4870,2019-09-25,4080,4120,4015,4025,35883,-1.35
4871,2019-09-26,4030,4095,3990,4030,19312,0.12
4872,2019-09-27,4055,4060,4010,4040,20042,0.25
4873,2019-09-30,4040,4065,3980,4015,16934,-0.62
4874,2019-10-01,4050,4250,4015,4220,162867,5.11
4875,2019-10-02,4225,4265,4180,4225,97760,0.12
4876,2019-10-04,4200,4400,4200,4330,93373,2.49
4877,2019-10-07,4330,4395,4240,4275,66545,-1.27
4878,2019-10-08,4335,4335,4140,4210,43273,-1.52
4879,2019-10-10,4265,4265,4165,4215,24422,0.12
4880,2019-10-11,4205,4255,4190,4200,17317,-0.36
4881,2019-10-14,4245,4270,4180,4200,41695,0.0
4882,2019-10-15,4285,4285,4200,4250,19871,1.19
4883,2019-10-16,4270,4285,4210,4235,20193,-0.35
4884,2019-10-17,4235,4355,4235,4330,42502,2.24
4885,2019-10-18,4330,4380,4200,4260,27201,-1.62
4886,2019-10-21,4185,4275,4170,4200,21726,-1.41
4887,2019-10-22,4175,4275,4155,4155,40649,-1.07
4888,2019-10-23,4110,4210,4110,4200,33112,1.08
4889,2019-10-24,4205,4205,4090,4140,33260,-1.43
4890,2019-10-25,4110,4245,4110,4200,28938,1.45
4891,2019-10-28,4175,4380,4175,4205,32819,0.12
4892,2019-10-29,4370,4455,4220,4375,96652,4.04
4893,2019-10-30,4400,4615,4350,4530,176302,3.54
4894,2019-10-31,4550,4605,4485,4570,110809,0.88
4895,2019-11-01,4560,4790,4540,4660,181041,1.97
4896,2019-11-04,4700,4700,4455,4465,232155,-4.18
4897,2019-11-05,4445,4485,4390,4430,98695,-0.78
4898,2019-11-06,4405,4500,4400,4430,65770,0.0
4899,2019-11-07,4395,4500,4340,4340,43053,-2.03
4900,2019-11-08,4340,4400,4270,4290,61154,-1.15
4901,2019-11-11,4290,4330,4210,4235,23212,-1.28
4902,2019-11-12,4235,4280,4205,4255,26038,0.47
4903,2019-11-13,4250,4345,4230,4315,43147,1.41
4904,2019-11-14,4305,4320,4110,4240,29647,-1.74
4905,2019-11-15,4250,4310,4210,4235,23699,-0.12
4906,2019-11-18,4215,4285,4150,4225,30761,-0.24
4907,2019-11-19,4225,4230,4160,4160,27172,-1.54
4908,2019-11-20,4145,4195,4025,4050,81436,-2.64
4909,2019-11-21,4025,4070,3950,3990,34196,-1.48
4910,2019-11-22,3990,4005,3920,3980,38495,-0.25
4911,2019-11-25,3980,4055,3980,4040,16928,1.51
4912,2019-11-26,4025,4075,4025,4050,16392,0.25
4913,2019-11-27,4055,4055,3940,3960,27898,-2.22
4914,2019-11-28,3965,3990,3915,3945,18640,-0.38
4915,2019-11-29,3965,3970,3875,3885,32742,-1.52
4916,2019-12-02,3865,3905,3780,3830,46625,-1.42
4917,2019-12-03,3805,3910,3715,3875,35345,1.17
4918,2019-12-04,3820,3900,3800,3800,16288,-1.94
4919,2019-12-05,3800,3840,3705,3775,47908,-0.66
4920,2019-12-06,3740,3875,3740,3845,12733,1.85
4921,2019-12-09,3830,3925,3830,3870,23110,0.65
4922,2019-12-10,3865,3890,3825,3870,11021,0.0
4923,2019-12-11,3870,3890,3850,3870,8695,0.0
4924,2019-12-12,3870,3950,3870,3910,19343,1.03
4925,2019-12-13,3950,3970,3875,3895,23832,-0.38
4926,2019-12-16,3930,3995,3885,3900,28367,0.13
4927,2019-12-17,3910,3935,3900,3935,11329,0.9
4928,2019-12-18,3940,3985,3935,3950,16922,0.38
4929,2019-12-19,3980,4090,3955,4015,64853,1.65
4930,2019-12-20,4020,4160,4020,4075,87829,1.49
4931,2019-12-23,4075,4095,4030,4065,15656,-0.25
4932,2019-12-24,4065,4070,3930,3965,27333,-2.46
4933,2019-12-26,3960,4045,3930,4030,21288,1.64
4934,2019-12-27,4010,4070,4005,4040,24017,0.25
4935,2019-12-30,4070,4080,4040,4040,14352,0.0
4936,2020-01-02,4050,4095,4015,4080,20825,0.99
4937,2020-01-03,4100,4140,4065,4080,16253,0.0
4938,2020-01-06,4065,4065,3990,4025,20698,-1.35
4939,2020-01-07,4025,4150,4025,4055,40779,0.75
4940,2020-01-08,3995,4075,3710,3880,34948,-4.32
4941,2020-01-09,3935,4000,3935,3985,13335,2.71
4942,2020-01-10,4030,4055,3995,4035,27623,1.25
4943,2020-01-13,4095,4160,4060,4125,28383,2.23
4944,2020-01-14,4160,4160,4075,4130,25053,0.12
4945,2020-01-15,4165,4215,4115,4190,38923,1.45
4946,2020-01-16,4215,4235,4150,4160,18855,-0.72
4947,2020-01-17,4220,4220,4140,4190,22770,0.72
4948,2020-01-20,4165,4280,4110,4235,54454,1.07
4949,2020-01-21,4215,4340,4205,4270,66102,0.83
4950,2020-01-22,4270,4335,4250,4280,36885,0.23
4951,2020-01-23,4320,4320,4015,4215,43619,-1.52
4952,2020-01-28,4180,4180,4010,4010,28873,-4.86
4953,2020-01-29,4070,4135,4025,4110,9821,2.49
4954,2020-01-30,4050,4100,3955,3990,23510,-2.92
4955,2020-01-31,3990,4070,3895,3900,28344,-2.26
4956,2020-02-03,3810,3900,3750,3850,27608,-1.28
4957,2020-02-04,3850,4000,3850,3935,17080,2.21
4958,2020-02-05,4000,4000,3915,3935,7800,0.0
4959,2020-02-06,3940,4270,3935,4155,129569,5.59
4960,2020-02-07,4155,4190,4080,4120,18725,-0.84
4961,2020-02-10,4235,4235,4085,4120,28066,0.0
4962,2020-02-11,4120,4205,4090,4120,22915,0.0
4963,2020-02-12,4120,4200,4085,4090,23545,-0.73
4964,2020-02-13,4100,4170,4095,4150,32315,1.47
4965,2020-02-14,4155,4225,4150,4215,42051,1.57
4966,2020-02-17,4225,4235,4155,4195,22576,-0.47
4967,2020-02-18,4180,4250,4110,4175,40108,-0.48
4968,2020-02-19,4150,4235,4145,4165,15933,-0.24
4969,2020-02-20,4265,4270,4110,4130,21439,-0.84
4970,2020-02-21,4130,4280,4075,4195,73143,1.57
4971,2020-02-24,4210,4210,3970,3970,58450,-5.36
4972,2020-02-25,3860,4000,3860,3965,34266,-0.13
4973,2020-02-26,3930,4110,3905,4060,45174,2.4
4974,2020-02-27,4060,4180,4010,4130,72539,1.72
4975,2020-02-28,4070,4190,3700,3800,158271,-7.99
4976,2020-03-02,3715,3845,3715,3775,60445,-0.66
4977,2020-03-03,3825,3870,3720,3760,58804,-0.4
4978,2020-03-04,3715,3885,3710,3870,58681,2.93
4979,2020-03-05,3890,3980,3875,3925,35424,1.42
4980,2020-03-06,3925,3940,3840,3900,16845,-0.64
4981,2020-03-09,3770,3850,3690,3710,42221,-4.87
4982,2020-03-10,3570,3690,3535,3630,61218,-2.16
4983,2020-03-11,3615,3685,3470,3515,44517,-3.17
4984,2020-03-12,3415,3485,3255,3315,84328,-5.69
4985,2020-03-13,3030,3195,2820,3045,280086,-8.14
4986,2020-03-16,3000,3130,2895,2895,118819,-4.93
4987,2020-03-17,2755,2920,2715,2805,174588,-3.11
4988,2020-03-18,2910,2950,2360,2445,259759,-12.83
4989,2020-03-19,2450,2585,1900,2030,585548,-16.97
4990,2020-03-20,2065,2190,2015,2095,378350,3.2
4991,2020-03-23,1955,1980,1875,1935,245440,-7.64
4992,2020-03-24,1995,2100,1960,2100,132149,8.53
4993,2020-03-25,2285,2510,2195,2240,429731,6.67
4994,2020-03-26,2265,2625,2230,2340,376891,4.46
4995,2020-03-27,2445,2485,2260,2430,174132,3.85
4996,2020-03-30,2420,2690,2255,2630,473600,8.23
4997,2020-03-31,2675,2790,2560,2650,233487,0.76
4998,2020-04-01,2640,2765,2575,2610,186578,-1.51
4999,2020-04-02,2610,2735,2530,2710,176495,3.83
5000,2020-04-03,2710,2760,2670,2725,73771,0.55
5001,2020-04-06,2730,2895,2725,2885,147060,5.87
5002,2020-04-07,3070,3100,2930,3100,240109,7.45
5003,2020-04-08,3100,3635,3010,3345,759415,7.9
5004,2020-04-09,3390,3420,3220,3280,280364,-1.94
5005,2020-04-10,3305,3365,3055,3245,135128,-1.07
5006,2020-04-13,3300,3340,3120,3185,75049,-1.85
5007,2020-04-14,3245,3265,3165,3215,61255,0.94
5008,2020-04-16,3280,3280,3160,3250,48060,1.09
5009,2020-04-17,3295,3315,3235,3265,100354,0.46
5010,2020-04-20,3270,3315,3200,3240,111931,-0.77
5011,2020-04-21,3240,3310,2995,3190,163828,-1.54
5012,2020-04-22,3115,4035,3115,3505,4051734,9.87
5013,2020-04-23,3555,3695,3490,3570,746708,1.85
5014,2020-04-24,3510,3645,3465,3475,287107,-2.66
5015,2020-04-27,3610,4000,3560,3755,2271680,8.06
5016,2020-04-28,3760,3915,3655,3790,573786,0.93
5017,2020-04-29,3800,3840,3690,3690,131390,-2.64
5018,2020-05-04,3620,3750,3570,3670,126963,-0.54
5019,2020-05-06,3690,3780,3690,3740,97230,1.91
5020,2020-05-07,3775,3970,3595,3620,598080,-3.21
5021,2020-05-08,3665,3775,3635,3755,177720,3.73
5022,2020-05-11,3835,4080,3785,3900,843549,3.86
5023,2020-05-12,3940,4000,3755,3785,270656,-2.95
5024,2020-05-13,3760,3860,3690,3855,146604,1.85
5025,2020-05-14,3935,4010,3815,3930,289199,1.95
5026,2020-05-15,4075,4175,3825,3830,799018,-2.54
5027,2020-05-18,3880,3890,3685,3790,168737,-1.04
5028,2020-05-19,3790,3790,3610,3745,202925,-1.19
5029,2020-05-20,3820,3940,3755,3850,173106,2.8
5030,2020-05-21,3905,3955,3875,3890,166011,1.04
5031,2020-05-22,3960,4350,3910,3960,970328,1.8
5032,2020-05-25,4035,4035,3880,3910,134392,-1.26
5033,2020-05-26,3910,3920,3820,3880,126403,-0.77
5034,2020-05-27,3880,3955,3830,3880,156356,0.0
5035,2020-05-28,3890,3910,3680,3805,246121,-1.93
5036,2020-05-29,3800,3860,3725,3780,51354,-0.66
5037,2020-06-01,3800,3880,3775,3880,58729,2.65
5038,2020-06-02,3930,3930,3820,3870,64940,-0.26
5039,2020-06-03,3920,3920,3770,3770,98580,-2.58
5040,2020-06-04,3800,3810,3740,3755,63557,-0.4
5041,2020-06-05,3820,4090,3820,3940,653083,4.93
5042,2020-06-08,3990,4040,3925,3965,114608,0.63
5043,2020-06-09,3970,4060,3870,3910,196482,-1.39
5044,2020-06-10,3910,3980,3900,3930,95282,0.51
5045,2020-06-11,3930,3975,3765,3835,106512,-2.42
5046,2020-06-12,3700,3750,3630,3720,127034,-3.0
5047,2020-06-15,3760,3760,3425,3425,159856,-7.93
5048,2020-06-16,3560,3590,3495,3560,51788,3.94
5049,2020-06-17,3555,3555,3415,3530,60889,-0.84
5050,2020-06-18,3600,3600,3470,3540,43443,0.28
5051,2020-06-19,3545,3545,3475,3535,59204,-0.14
5052,2020-06-22,3545,3625,3490,3585,64649,1.41
5053,2020-06-23,3620,3620,3485,3500,69101,-2.37
5054,2020-06-24,3510,3595,3490,3540,41264,1.14
5055,2020-06-25,3540,3800,3440,3625,443743,2.4
5056,2020-06-26,3630,3705,3480,3500,128349,-3.45
5057,2020-06-29,3475,3535,3410,3410,64514,-2.57
5058,2020-06-30,3480,3480,3335,3450,79121,1.17
5059,2020-07-01,3500,3505,3350,3440,47857,-0.29
5060,2020-07-02,3445,3480,3400,3480,44943,1.16
5061,2020-07-03,3480,3530,3455,3500,28803,0.57
5062,2020-07-06,3520,3550,3465,3500,41579,0.0
5063,2020-07-07,3540,3540,3455,3475,25739,-0.71
5064,2020-07-08,3475,3510,3410,3470,38275,-0.14
5065,2020-07-09,3470,3545,3465,3490,38214,0.58
5066,2020-07-10,3540,3540,3450,3490,49152,0.0
5067,2020-07-13,3505,3550,3470,3535,40038,1.29
5068,2020-07-14,3535,3610,3405,3495,125691,-1.13
5069,2020-07-15,3500,3550,3460,3495,71368,0.0
5070,2020-07-16,3545,3550,3460,3515,39359,0.57
5071,2020-07-17,3520,3550,3500,3530,27424,0.43
5072,2020-07-20,3565,3565,3505,3520,27465,-0.28
5073,2020-07-21,3530,3615,3480,3615,77217,2.7
5074,2020-07-22,3625,3625,3565,3595,42212,-0.55
5075,2020-07-23,3620,3620,3535,3595,34268,0.0
5076,2020-07-24,3550,3580,3465,3490,75549,-2.92
5077,2020-07-27,3460,3515,3450,3500,25787,0.29
5078,2020-07-28,3515,3520,3430,3470,53330,-0.86
5079,2020-07-29,3450,3475,3435,3440,49376,-0.86
5080,2020-07-30,3470,3470,3405,3450,49899,0.29
5081,2020-07-31,3440,3470,3405,3405,27068,-1.3
5082,2020-08-03,3410,3435,3395,3410,39767,0.15
5083,2020-08-04,3410,3475,3380,3425,31853,0.44
5084,2020-08-05,3485,3485,3405,3415,31869,-0.29
5085,2020-08-06,3420,3455,3365,3445,90994,0.88
5086,2020-08-07,3415,3480,3390,3420,46489,-0.73
5087,2020-08-10,3400,3420,3365,3395,96250,-0.73
5088,2020-08-11,3375,3460,3375,3435,77463,1.18
5089,2020-08-12,3435,3455,3380,3435,34944,0.0
5090,2020-08-13,3440,3460,3430,3435,40456,0.0
5091,2020-08-14,3500,3580,3425,3495,141466,1.75
5092,2020-08-18,3550,3580,3280,3375,125591,-3.43
5093,2020-08-19,3375,3415,3320,3340,52321,-1.04
5094,2020-08-20,3385,3385,3140,3160,100793,-5.39
5095,2020-08-21,3160,3210,3055,3195,43644,1.11
5096,2020-08-24,3200,3300,3200,3215,63301,0.63
5097,2020-08-25,3245,3360,3230,3310,41499,2.95
5098,2020-08-26,3310,3435,3310,3400,51061,2.72
5099,2020-08-27,3440,3475,3360,3420,65557,0.59
5100,2020-08-28,3390,3515,3370,3465,191774,1.32
5101,2020-08-31,3530,3530,3420,3470,57465,0.14
5102,2020-09-01,3490,3510,3430,3510,36983,1.15
5103,2020-09-02,3510,3640,3490,3605,129840,2.71
5104,2020-09-03,3600,3630,3560,3580,62520,-0.69
5105,2020-09-04,3415,3580,3410,3520,57169,-1.68
5106,2020-09-07,3520,3580,3485,3550,52891,0.85
5107,2020-09-08,3535,3705,3535,3670,202265,3.38
5108,2020-09-09,3625,3675,3550,3565,79896,-2.86
5109,2020-09-10,3600,3620,3570,3610,46745,1.26
5110,2020-09-11,3610,3680,3590,3620,41435,0.28
5111,2020-09-14,3625,3680,3600,3620,29577,0.0
5112,2020-09-15,3640,3645,3560,3630,67836,0.28
5113,2020-09-16,3630,3645,3545,3550,56633,-2.2
5114,2020-09-17,3550,3615,3520,3600,48182,1.41
5115,2020-09-18,3600,3605,3530,3540,24843,-1.67
5116,2020-09-21,3605,3605,3425,3500,61398,-1.13
5117,2020-09-22,3500,3500,3295,3345,61000,-4.43
5118,2020-09-23,3390,3395,3250,3395,44251,1.49
5119,2020-09-24,3395,3395,3275,3360,54954,-1.03
5120,2020-09-25,3360,4250,3300,4200,7096937,25.0
5121,2020-09-28,4610,4910,3875,3895,6284045,-7.26
5122,2020-09-29,3950,4120,3885,4105,1694109,5.39
5123,2020-10-05,4385,4580,4160,4320,3835885,5.24
5124,2020-10-06,4500,5400,4400,4940,20012131,14.35
5125,2020-10-07,4960,4980,4765,4950,2168270,0.2
5126,2020-10-08,4900,4980,4800,4980,1411778,0.61
5127,2020-10-12,4920,4945,4645,4695,1022261,-5.72
5128,2020-10-13,4715,4745,4570,4580,441670,-2.45
5129,2020-10-14,4585,4710,4500,4510,482385,-1.53
5130,2020-10-15,4500,4625,4440,4570,460304,1.33
5131,2020-10-16,4525,4545,4360,4370,329356,-4.38
5132,2020-10-19,4310,4425,4235,4320,289691,-1.14
5133,2020-10-20,4245,4470,4240,4430,352650,2.55
5134,2020-10-21,4420,4850,4330,4420,1850555,-0.23
5135,2020-10-22,4375,4485,4330,4355,182220,-1.47
5136,2020-10-23,4355,4370,4190,4190,200250,-3.79
5137,2020-10-26,4200,4210,3940,3940,222522,-5.97
5138,2020-10-27,3940,4050,3860,3970,173426,0.76
5139,2020-10-28,3925,4095,3925,4080,110668,2.77
5140,2020-10-29,3970,4180,3955,4180,121651,2.45
5141,2020-10-30,4190,4190,3940,3995,116486,-4.43
5142,2020-11-02,3990,4100,3980,4050,80090,1.38
5143,2020-11-03,4000,4165,4000,4135,154330,2.1
5144,2020-11-04,4195,4280,4155,4200,174681,1.57
5145,2020-11-05,4240,4295,4190,4270,104086,1.67
5146,2020-11-06,4275,4295,4145,4250,91136,-0.47
5147,2020-11-09,4315,4370,4245,4350,117383,2.35
5148,2020-11-10,4345,4415,4305,4340,116599,-0.23
5149,2020-11-11,4390,4390,4250,4305,94610,-0.81
5150,2020-11-12,4305,4420,4305,4345,121759,0.93
5151,2020-11-13,4345,4440,4260,4260,63069,-1.96
5152,2020-11-16,4260,4335,4205,4310,82432,1.17
5153,2020-11-17,4335,4335,4210,4260,54447,-1.16
5154,2020-11-18,4265,4300,4190,4265,59732,0.12
5155,2020-11-19,4260,4495,4260,4415,388296,3.52
5156,2020-11-20,4450,4450,4300,4345,164521,-1.59
5157,2020-11-23,4345,4410,4265,4360,103114,0.35
5158,2020-11-24,4335,4360,4300,4300,52776,-1.38
5159,2020-11-25,4305,4390,4155,4260,121999,-0.93
5160,2020-11-26,4260,4330,4200,4310,79864,1.17
5161,2020-11-27,4310,4360,4255,4300,77895,-0.23
5162,2020-11-30,4350,4390,4285,4390,94410,2.09
5163,2020-12-01,4390,4580,4350,4580,584244,4.33
5164,2020-12-02,4640,5740,4430,5250,20469613,14.63
5165,2020-12-03,5350,6580,5230,6080,23828027,15.81
5166,2020-12-04,6150,7500,6000,6400,30297210,5.26
5167,2020-12-07,6420,6780,6300,6320,4218055,-1.25
5168,2020-12-08,6310,6320,5830,5910,1617532,-6.49
5169,2020-12-09,5860,5960,5580,5870,1213764,-0.68
5170,2020-12-10,5800,7160,5760,6550,20153050,11.58
5171,2020-12-11,6590,6940,6350,6410,3932083,-2.14
5172,2020-12-14,6480,6500,6050,6060,1235040,-5.46
5173,2020-12-15,6100,6680,5900,6100,2537821,0.66
5174,2020-12-16,6100,6450,6060,6140,899781,0.66
5175,2020-12-17,6140,6240,5880,5880,557082,-4.23
5176,2020-12-18,5880,6090,5860,5960,548670,1.36
5177,2020-12-21,6400,6760,5940,6140,2074436,3.02
5178,2020-12-22,6080,6410,5970,6000,824087,-2.28
5179,2020-12-23,6060,6120,5660,5660,534430,-5.67
5180,2020-12-24,5580,5720,5550,5580,298121,-1.41
5181,2020-12-28,5540,5970,5460,5600,733196,0.36
5182,2020-12-29,5680,6700,5660,6450,6503020,15.18
5183,2020-12-30,6370,6430,6000,6050,1586095,-6.2
5184,2021-01-04,6110,6330,5980,6100,553956,0.83
5185,2021-01-05,6110,6340,6040,6130,632402,0.49
5186,2021-01-06,6160,6700,6050,6300,3299027,2.77
5187,2021-01-07,6220,6440,6180,6190,874274,-1.75
5188,2021-01-08,6200,6230,5810,5820,585554,-5.98
5189,2021-01-11,5820,6030,5690,5900,355605,1.37
5190,2021-01-12,5900,6210,5840,6130,408786,3.9
5191,2021-01-13,6130,6240,5700,5830,826480,-4.89
5192,2021-01-14,5830,5850,5570,5600,282476,-3.95
5193,2021-01-15,5610,5690,5550,5650,192421,0.89
5194,2021-01-18,5620,5700,5500,5510,207087,-2.48
5195,2021-01-19,5460,5590,5340,5480,183749,-0.54
5196,2021-01-20,5390,5560,5390,5410,170705,-1.28
5197,2021-01-21,5450,5700,5430,5660,270698,4.62
5198,2021-01-22,5710,5770,5620,5770,184468,1.94
5199,2021-01-25,5770,5820,5650,5760,155070,-0.17
5200,2021-01-26,5800,5800,5660,5670,142704,-1.56
5201,2021-01-27,5740,5740,5500,5570,123499,-1.76
5202,2021-01-28,5430,5490,5130,5250,205478,-5.75
5203,2021-01-29,5360,5360,5000,5080,204377,-3.24
5204,2021-02-01,5030,5290,4970,5170,155623,1.77
5205,2021-02-02,5170,5300,5170,5210,66900,0.77
5206,2021-02-03,5230,6400,5230,5610,7512379,7.68
5207,2021-02-04,5610,5880,5560,5780,1011733,3.03
5208,2021-02-05,5820,6090,5640,5980,701678,3.46
5209,2021-02-08,5930,6430,5830,6090,2913820,1.84
5210,2021-02-09,5980,6060,5820,5820,388171,-4.43
5211,2021-02-10,5740,5910,5740,5860,207175,0.69
5212,2021-02-15,6030,6280,6020,6100,394735,4.1
5213,2021-02-16,6120,6160,6010,6140,209112,0.66
5214,2021-02-17,6160,6190,5990,6060,174245,-1.3
5215,2021-02-18,6170,6170,5960,6010,125951,-0.83
5216,2021-02-19,5960,6070,5780,5980,159324,-0.5
5217,2021-02-22,5990,6030,5910,5910,76490,-1.17
5218,2021-02-23,5850,7510,5780,6920,10986538,17.09
5219,2021-02-24,7050,7270,6220,6280,4140816,-9.25
5220,2021-02-25,6430,8100,6340,8030,14033089,27.87
5221,2021-02-26,7870,9440,7500,7660,9921068,-4.61
5222,2021-03-02,7630,8160,7500,7730,2542596,0.91
5223,2021-03-03,7600,7770,7130,7260,1174248,-6.08
5224,2021-03-04,7160,7550,7130,7250,727627,-0.14
5225,2021-03-05,7140,7500,7030,7350,835399,1.38
5226,2021-03-08,7300,7470,7020,7050,448413,-4.08
5227,2021-03-09,7030,7500,6880,7330,688533,3.97
5228,2021-03-10,7420,7430,7110,7130,309475,-2.73
5229,2021-03-11,7150,7300,7080,7140,377566,0.14
5230,2021-03-12,7200,7550,7110,7390,526873,3.5
5231,2021-03-15,7450,7610,7290,7370,610457,-0.27
5232,2021-03-16,7300,7450,7240,7370,309305,0.0
5233,2021-03-17,7490,9580,7430,9060,15908106,22.93
5234,2021-03-18,8750,10450,8690,9430,15984661,4.08
5235,2021-03-19,9320,9880,9310,9520,3588262,0.95
5236,2021-03-22,9520,9860,9120,9230,1522255,-3.05
5237,2021-03-23,9180,10200,9030,9100,5471368,-1.41
5238,2021-03-24,8980,10150,8870,9350,4495337,2.75
5239,2021-03-25,9330,9750,9110,9360,1462405,0.11
5240,2021-03-26,9360,9520,9210,9210,581882,-1.6
5241,2021-03-29,9140,9420,8950,9010,419435,-2.17
5242,2021-03-30,9010,9860,8920,9460,1851128,4.99
5243,2021-03-31,9470,9950,9350,9710,1633432,2.64
5244,2021-04-01,9720,10450,9540,9830,2849444,1.24
5245,2021-04-02,9830,10400,9730,9840,2091041,0.1
5246,2021-04-05,10000,10150,9780,9780,979468,-0.61
5247,2021-04-06,9790,9860,9600,9680,538516,-1.02
5248,2021-04-07,9620,9690,9160,9190,633969,-5.06
5249,2021-04-08,9230,10100,9230,9520,2005951,3.59
5250,2021-04-09,9460,9780,9370,9780,546894,2.73
5251,2021-04-12,9780,10700,9660,10150,3958830,3.78
5252,2021-04-13,9680,9810,9320,9340,1656115,-7.98
5253,2021-04-14,9300,9400,9000,9210,622794,-1.39
5254,2021-04-15,9210,9270,9120,9130,263449,-0.87
5255,2021-04-16,9140,9260,9100,9210,246921,0.88
5256,2021-04-19,9210,9390,9110,9370,377406,1.74
5257,2021-04-20,9400,9440,9260,9290,219468,-0.85
5258,2021-04-21,9290,9350,9070,9100,272981,-2.05
5259,2021-04-22,9160,9190,8960,8960,173410,-1.54
5260,2021-04-23,8960,9050,8610,8610,346834,-3.91
5261,2021-04-26,8560,8710,8560,8570,138425,-0.46
5262,2021-04-27,8580,8620,8500,8570,150138,0.0
5263,2021-04-28,8520,10150,8360,8730,6172760,1.87
5264,2021-04-29,8670,8710,8500,8530,376853,-2.29
5265,2021-04-30,8530,8760,8460,8600,320784,0.82
5266,2021-05-03,8510,8930,8510,8650,244813,0.58
5267,2021-05-04,8650,8690,8390,8500,143495,-1.73
5268,2021-05-06,8600,8640,8440,8450,99718,-0.59
5269,2021-05-07,8380,8520,8380,8390,130823,-0.71
5270,2021-05-10,8390,8420,7570,7940,736298,-5.36
5271,2021-05-11,7940,8020,7750,7840,269428,-1.26
5272,2021-05-12,7790,7910,7450,7650,293251,-2.42
5273,2021-05-13,7580,8360,7450,7500,963459,-1.96
5274,2021-05-14,7560,7830,7260,7790,349730,3.87
5275,2021-05-17,7890,8120,7660,7690,299519,-1.28
5276,2021-05-18,6230,6470,6070,6100,3255704,-20.68
5277,2021-05-20,6130,6260,6050,6200,1005647,1.64
5278,2021-05-21,6220,6300,6090,6110,572182,-1.45
5279,2021-05-24,6060,6150,5810,6080,451818,-0.49
5280,2021-05-25,6150,6390,6100,6290,451947,3.45
5281,2021-05-26,6290,6560,6230,6540,518208,3.97
5282,2021-05-27,6550,6670,6290,6400,321542,-2.14
5283,2021-05-28,6360,6540,6200,6460,210395,0.94
5284,2021-05-31,6410,6540,6270,6360,236113,-1.55
5285,2021-06-01,6380,6850,6380,6660,601082,4.72
5286,2021-06-02,6660,6660,6480,6590,238643,-1.05
5287,2021-06-03,6550,6710,6550,6620,153949,0.46
5288,2021-06-04,6620,6780,6570,6620,181985,0.0
5289,2021-06-07,6630,6670,6500,6610,186972,-0.15
5290,2021-06-08,6660,6720,6580,6630,165027,0.3
5291,2021-06-09,6650,6760,6530,6760,258433,1.96
5292,2021-06-10,6700,7180,6630,6700,643233,-0.89
5293,2021-06-11,6690,6750,6620,6680,157163,-0.3
5294,2021-06-14,6660,6750,6590,6590,153000,-1.35
5295,2021-06-15,6640,6650,6540,6590,126885,0.0
5296,2021-06-16,6560,6760,6560,6650,197194,0.91
5297,2021-06-17,6650,6720,6570,6570,92909,-1.2
5298,2021-06-18,6580,6690,6530,6610,125485,0.61
5299,2021-06-21,6610,6620,6380,6430,147086,-2.72
5300,2021-06-22,6440,6480,6320,6320,121866,-1.71
5301,2021-06-23,6360,6390,6220,6330,235146,0.16
5302,2021-06-24,6360,6390,6200,6240,165372,-1.42
5303,2021-06-25,6250,6300,6210,6230,116907,-0.16
5304,2021-06-28,6230,6600,6220,6420,372511,3.05
5305,2021-06-29,6440,6440,6360,6360,125721,-0.93
5306,2021-06-30,6430,6550,6340,6360,224401,0.0
5307,2021-07-01,6370,8140,6370,7690,15533266,20.91
5308,2021-07-02,7300,7340,6950,7100,2020533,-7.67
5309,2021-07-05,7100,8690,7030,7750,20467189,9.15
5310,2021-07-06,7760,8000,7520,7960,3045146,2.71
5311,2021-07-07,7860,8300,7690,7730,4016513,-2.89
5312,2021-07-08,7680,7870,7440,7440,705147,-3.75
5313,2021-07-09,7440,8180,7290,7830,3532146,5.24
5314,2021-07-12,7790,7920,7690,7750,554691,-1.02
5315,2021-07-13,7750,8120,7700,8020,2152057,3.48
5316,2021-07-14,8240,8280,7920,7940,1354803,-1.0
5317,2021-07-15,8000,8050,7690,7700,494205,-3.02
5318,2021-07-16,7630,7810,7570,7620,261361,-1.04
5319,2021-07-19,7660,7660,7290,7310,360752,-4.07
5320,2021-07-20,7200,7430,7160,7300,213219,-0.14
5321,2021-07-21,7300,7850,7290,7560,1362298,3.56
5322,2021-07-22,7580,7720,7430,7550,463399,-0.13
5323,2021-07-23,7590,7600,7320,7330,232581,-2.91
5324,2021-07-26,7310,7370,7140,7140,288695,-2.59
5325,2021-07-27,7140,7260,6930,6950,307453,-2.66
5326,2021-07-28,6940,7120,6880,6940,216910,-0.14
5327,2021-07-29,6920,7200,6920,7010,218590,1.01
5328,2021-07-30,6990,7170,6800,6950,303221,-0.86
5329,2021-08-02,6950,7110,6880,7050,160388,1.44
5330,2021-08-03,7020,7100,6960,7060,140988,0.14
5331,2021-08-04,7030,7300,7010,7270,286224,2.97
5332,2021-08-05,7210,7340,7210,7290,113246,0.28
5333,2021-08-06,7290,7350,7170,7200,124997,-1.23
5334,2021-08-09,7170,7200,7010,7030,136045,-2.36
5335,2021-08-10,7110,7150,6810,6870,212380,-2.28
5336,2021-08-11,6840,6980,6750,6780,131239,-1.31
5337,2021-08-12,6790,6890,6570,6620,208847,-2.36
5338,2021-08-13,6650,6730,6400,6550,188645,-1.06
5339,2021-08-17,6480,6530,6100,6120,328512,-6.56
5340,2021-08-18,6000,6280,6000,6090,204998,-0.49
5341,2021-08-19,6020,6290,5770,5770,468148,-5.25
5342,2021-08-20,5740,5920,5430,5500,346790,-4.68
5343,2021-08-23,5510,5890,5510,5690,205581,3.45
5344,2021-08-24,5800,6080,5800,5960,137803,4.75
5345,2021-08-25,6030,6080,5920,5960,82901,0.0
5346,2021-08-26,5970,6130,5920,5950,89708,-0.17
5347,2021-08-27,5920,6020,5850,5970,112325,0.34
5348,2021-08-30,6100,6100,5920,5960,85777,-0.17
5349,2021-08-31,5900,5950,5790,5880,143423,-1.34
5350,2021-09-01,5880,6060,5860,6010,120585,2.21
5351,2021-09-02,6010,6200,5990,6100,190872,1.5
5352,2021-09-03,6110,6170,6060,6100,92223,0.0
5353,2021-09-06,6180,6180,6040,6060,69921,-0.66
5354,2021-09-07,6100,6100,6000,6030,52816,-0.5
5355,2021-09-08,6000,6050,5860,5860,111462,-2.82
5356,2021-09-09,5860,6000,5760,5800,92645,-1.02
5357,2021-09-10,5780,5880,5680,5830,73429,0.52
5358,2021-09-13,5940,5940,5710,5730,74331,-1.72
5359,2021-09-14,5720,5930,5720,5930,302785,3.49
5360,2021-09-15,6900,7280,6450,6680,6799978,12.65
5361,2021-09-16,6800,6800,6450,6510,881735,-2.54
5362,2021-09-17,6400,6450,6060,6070,644500,-6.76
5363,2021-09-23,6020,6080,5870,5880,244969,-3.13
5364,2021-09-24,5900,6010,5860,5880,273277,0.0
5365,2021-09-27,5870,6280,5840,5970,858121,1.53
5366,2021-09-28,5990,6120,5840,5860,326927,-1.84
5367,2021-09-29,5750,5860,5690,5720,262667,-2.39
5368,2021-09-30,5720,5770,5550,5600,232341,-2.1
5369,2021-10-01,5570,5620,5330,5410,243581,-3.39
5370,2021-10-05,5360,5360,5100,5120,215066,-5.36
5371,2021-10-06,5080,5280,4880,4880,312401,-4.69
5372,2021-10-07,4870,5200,4870,5190,214548,6.35
5373,2021-10-08,5190,5220,5060,5130,109769,-1.16
5374,2021-10-12,5180,5180,4950,5000,101361,-2.53
5375,2021-10-13,4975,5140,4975,5100,105825,2.0
5376,2021-10-14,5130,5280,5130,5260,115525,3.14
5377,2021-10-15,5260,5500,5260,5440,250431,3.42
5378,2021-10-18,5450,5460,5310,5370,92711,-1.29
5379,2021-10-19,5370,5410,5270,5370,106172,0.0
5380,2021-10-20,5390,5490,5380,5390,116110,0.37
5381,2021-10-21,5400,5440,5340,5350,70445,-0.74
5382,2021-10-22,5320,5410,5310,5340,70539,-0.19
5383,2021-10-25,5320,5390,5290,5320,58083,-0.37
5384,2021-10-26,5340,5530,5340,5440,130538,2.26
5385,2021-10-27,5590,5690,5400,5600,492583,2.94
5386,2021-10-28,5550,5740,5410,5460,333384,-2.5
5387,2021-10-29,5470,5530,5220,5270,136163,-3.48
5388,2021-11-01,5280,5400,5280,5360,83324,1.71
5389,2021-11-02,5320,5500,5320,5470,134929,2.05
5390,2021-11-03,5500,5520,5270,5300,103186,-3.11
5391,2021-11-04,5340,5380,5120,5160,120987,-2.64
5392,2021-11-05,5150,5180,5010,5030,127811,-2.52
5393,2021-11-08,5030,5130,4940,5110,95601,1.59
5394,2021-11-09,5100,5200,5010,5150,65128,0.78
5395,2021-11-10,5100,5110,4905,4970,208014,-3.5
5396,2021-11-11,4965,5060,4900,4920,106766,-1.01
5397,2021-11-12,4925,5650,4920,5200,1578419,5.69
5398,2021-11-15,5170,5270,5150,5200,157076,0.0
5399,2021-11-16,5200,5240,5140,5150,91848,-0.96
5400,2021-11-17,5150,5210,5050,5130,99655,-0.39
5401,2021-11-18,5130,5860,4985,5380,2105049,4.87
5402,2021-11-19,5340,6130,5340,5650,5313310,5.02
5403,2021-11-22,5650,5750,5510,5710,538345,1.06
5404,2021-11-23,5660,6080,5600,5850,2173062,2.45
5405,2021-11-24,5810,6100,5650,5790,831135,-1.03
5406,2021-11-25,5820,5820,5580,5580,284844,-3.63
5407,2021-11-26,5690,6080,5600,5610,1773253,0.54
5408,2021-11-29,5480,5760,5400,5670,338243,1.07
5409,2021-11-30,5790,5790,5100,5100,551170,-10.05
5410,2021-12-01,5120,5340,5030,5240,220433,2.75
5411,2021-12-02,5160,5480,5160,5440,199948,3.82
5412,2021-12-03,5420,5770,5340,5640,740742,3.68
5413,2021-12-06,5630,5770,5540,5660,284359,0.35
5414,2021-12-07,5610,5740,5560,5600,166342,-1.06
5415,2021-12-08,5610,5710,5570,5610,237299,0.18
5416,2021-12-09,5690,6350,5680,6060,4640708,8.02
5417,2021-12-10,6020,6100,5930,6010,551214,-0.83
5418,2021-12-13,5980,6030,5870,5960,327165,-0.83
5419,2021-12-14,5940,6040,5800,5830,322928,-2.18
5420,2021-12-15,5790,5880,5750,5820,145631,-0.17
5421,2021-12-16,5890,5980,5730,5730,277591,-1.55
5422,2021-12-17,5660,5760,5550,5620,185892,-1.92
5423,2021-12-20,5560,5720,5510,5520,148801,-1.78
5424,2021-12-21,5530,5620,5480,5570,121392,0.91
5425,2021-12-22,5620,5990,5570,5630,671064,1.08
5426,2021-12-23,5640,5670,5510,5510,178803,-2.13
5427,2021-12-24,5520,5560,5410,5440,99619,-1.27
5428,2021-12-27,5420,5550,5420,5470,72780,0.55
5429,2021-12-28,5490,5530,5430,5470,82840,0.0
5430,2021-12-29,5490,5740,5490,5590,303249,2.19
5431,2021-12-30,5650,5650,5550,5550,120956,-0.72
5432,2022-01-03,5580,5640,5520,5630,90383,1.44
5433,2022-01-04,5700,5740,5620,5720,153604,1.6
5434,2022-01-05,5720,5780,5610,5700,185709,-0.35
5435,2022-01-06,5650,5720,5480,5480,236529,-3.86
5436,2022-01-07,5500,5640,5490,5610,119343,2.37
5437,2022-01-10,5620,5620,5450,5450,147248,-2.85
5438,2022-01-11,5460,5480,5200,5230,229938,-4.04
5439,2022-01-12,5260,5340,5260,5330,59072,1.91
5440,2022-01-13,5330,5370,5280,5280,56893,-0.94
5441,2022-01-14,5250,5280,5130,5200,103056,-1.52
5442,2022-01-17,5230,5230,5070,5100,93164,-1.92
5443,2022-01-18,5100,5200,5010,5010,93225,-1.76
5444,2022-01-19,4960,5090,4960,5000,72606,-0.2
5445,2022-01-20,4965,5340,4965,5200,199785,4.0
5446,2022-01-21,5100,5180,5000,5080,166388,-2.31
5447,2022-01-24,5080,5080,4950,4960,85914,-2.36
5448,2022-01-25,4980,5000,4680,4690,166739,-5.44
5449,2022-01-26,4795,4820,4680,4690,71543,0.0
5450,2022-01-27,4700,4820,4480,4510,146226,-3.84
5451,2022-01-28,4510,4655,4450,4600,87946,2.0
5452,2022-02-03,4695,4795,4670,4780,49706,3.91
5453,2022-02-04,4710,4910,4710,4880,59181,2.09
5454,2022-02-07,4885,5110,4845,5010,112424,2.66
5455,2022-02-08,5000,5040,4890,4950,47123,-1.2
5456,2022-02-09,5090,5260,4965,5150,237641,4.04
5457,2022-02-10,5160,5180,5030,5070,25669,-1.55
5458,2022-02-11,5000,5030,4950,4955,36710,-2.27
5459,2022-02-14,4865,4915,4760,4765,56243,-3.83
5460,2022-02-15,4765,4825,4670,4680,41560,-1.78
5461,2022-02-16,4800,4915,4765,4900,53289,4.7
5462,2022-02-17,4990,4990,4800,4870,45641,-0.61
5463,2022-02-18,4815,4915,4815,4915,21062,0.92
5464,2022-02-21,4865,4950,4810,4945,30345,0.61
5465,2022-02-22,4850,4920,4825,4830,22658,-2.33
5466,2022-02-23,4850,4925,4830,4875,32552,0.93
5467,2022-02-24,4850,4885,4690,4720,54179,-3.18
5468,2022-02-25,4770,4815,4755,4785,36510,1.38
5469,2022-02-28,4765,4920,4765,4900,45333,2.4
5470,2022-03-02,4870,5000,4840,5000,66639,2.04
5471,2022-03-03,5080,5240,5050,5100,139885,2.0
5472,2022-03-04,5100,5100,5010,5060,41907,-0.78
5473,2022-03-07,5020,5030,4935,4950,46845,-2.17
5474,2022-03-08,4920,4985,4845,4950,64833,0.0
5475,2022-03-10,4960,5030,4960,4990,40992,0.81
5476,2022-03-11,5000,5270,5000,5140,188084,3.01
5477,2022-03-14,5130,5190,5070,5090,43394,-0.97
5478,2022-03-15,5090,5140,5030,5100,45812,0.2
5479,2022-03-16,5120,5770,5120,5300,3512116,3.92
5480,2022-03-17,5350,5440,5310,5390,383304,1.7
5481,2022-03-18,5380,5420,5300,5350,180512,-0.74
5482,2022-03-21,5340,5430,5330,5380,173420,0.56
5483,2022-03-22,5440,5570,5400,5520,394723,2.6
5484,2022-03-23,5610,5620,5510,5570,352155,0.91
5485,2022-03-24,5730,5740,5560,5580,267857,0.18
5486,2022-03-25,5620,5710,5580,5680,203009,1.79
5487,2022-03-28,5740,5760,5600,5730,124607,0.88
5488,2022-03-29,5740,5830,5720,5790,253905,1.05
5489,2022-03-30,5790,5830,5600,5670,170164,-2.07
5490,2022-03-31,5720,5720,5610,5670,78570,0.0
5491,2022-04-01,5700,5700,5580,5590,89734,-1.41
5492,2022-04-04,5590,5630,5570,5610,60041,0.36
5493,2022-04-05,5590,5660,5590,5620,39089,0.18
5494,2022-04-06,5620,5620,5500,5530,74176,-1.6
5495,2022-04-07,5530,5530,5380,5400,52803,-2.35
5496,2022-04-08,5350,5450,5350,5400,40433,0.0
5497,2022-04-11,5400,5490,5330,5480,66298,1.48
5498,2022-04-12,5410,5440,5070,5260,94672,-4.01
5499,2022-04-13,5290,5340,5240,5300,27606,0.76
5500,2022-04-14,5320,5350,5200,5200,35179,-1.89
5501,2022-04-15,5210,5280,5190,5230,31068,0.58
5502,2022-04-18,5210,5320,5210,5310,51751,1.53
5503,2022-04-19,5290,5370,5260,5360,42806,0.94
5504,2022-04-20,5310,5380,5300,5330,32002,-0.56
5505,2022-04-21,5330,5370,5300,5320,61346,-0.19
5506,2022-04-22,5260,5310,5200,5210,57784,-2.07
5507,2022-04-25,5150,5160,5020,5090,82233,-2.3
5508,2022-04-26,5080,5160,5050,5090,47028,0.0
5509,2022-04-27,4960,5060,4960,5000,47975,-1.77
5510,2022-04-28,5030,5050,4965,5000,63310,0.0
5511,2022-04-29,5010,5070,5000,5050,31699,1.0
5512,2022-05-02,5010,5100,4985,5090,37674,0.79
5513,2022-05-03,5090,5200,5080,5080,64398,-0.2
5514,2022-05-04,5080,5120,5040,5060,48773,-0.39
5515,2022-05-06,4990,5020,4950,4950,53430,-2.17
5516,2022-05-09,4915,4950,4710,4745,138332,-4.14
5517,2022-05-10,4565,4750,4560,4740,89890,-0.11
5518,2022-05-11,4680,4790,4680,4740,20111,0.0
5519,2022-05-12,4715,4775,4525,4580,89145,-3.38
5520,2022-05-13,4580,5290,4580,4825,1404331,5.35
5521,2022-05-16,4795,4875,4790,4795,63890,-0.62
5522,2022-05-17,4825,4835,4770,4800,38703,0.1
5523,2022-05-18,4800,5020,4775,4800,167803,0.0
5524,2022-05-19,4745,4745,4610,4685,57122,-2.4
5525,2022-05-20,4685,4725,4670,4725,42800,0.85
5526,2022-05-23,4750,4750,4680,4710,44130,-0.32
5527,2022-05-24,4685,4720,4590,4595,51638,-2.44
5528,2022-05-25,4570,4635,4560,4585,40340,-0.22
5529,2022-05-26,4585,4655,4500,4520,53677,-1.42
5530,2022-05-27,4560,4620,4515,4515,47919,-0.11
5531,2022-05-30,4595,4685,4535,4685,46903,3.77
5532,2022-05-31,4685,4725,4650,4690,32495,0.11
5533,2022-06-02,4695,4705,4500,4700,97307,0.21
5534,2022-06-03,4675,4710,4640,4675,28850,-0.53
5535,2022-06-07,4675,4690,4620,4620,24272,-1.18
5536,2022-06-08,4585,4650,4580,4650,29473,0.65
5537,2022-06-09,4600,4650,4550,4555,62324,-2.04
5538,2022-06-10,4520,4540,4480,4535,34655,-0.44
5539,2022-06-13,4335,4470,4255,4255,103745,-6.17
5540,2022-06-14,4135,4275,4035,4115,116953,-3.29
5541,2022-06-15,4065,4130,3935,3940,74785,-4.25
5542,2022-06-16,3960,4200,3960,4020,126855,2.03
5543,2022-06-17,3830,3980,3830,3955,50529,-1.62
5544,2022-06-20,3955,4100,3560,3685,133496,-6.83
5545,2022-06-21,3640,3880,3640,3845,64541,4.34
5546,2022-06-22,3810,3885,3555,3555,112812,-7.54
5547,2022-06-23,3555,3620,3300,3300,199946,-7.17
5548,2022-06-24,3290,3590,3290,3575,79932,8.33
5549,2022-06-27,3585,3700,3585,3600,30131,0.7
5550,2022-06-28,3615,3730,3580,3580,42519,-0.56
5551,2022-06-29,3550,3645,3450,3615,31700,0.98
5552,2022-06-30,3595,3645,3520,3525,31481,-2.49
5553,2022-07-01,3515,3560,3375,3445,39116,-2.27
5554,2022-07-04,3435,3470,3320,3430,41844,-0.44
5555,2022-07-05,3395,3570,3395,3570,20615,4.08
5556,2022-07-06,3610,3615,3525,3530,17981,-1.12
5557,2022-07-07,3530,3625,3530,3620,21400,2.55
5558,2022-07-08,3675,3715,3610,3695,29985,2.07
5559,2022-07-11,3715,3745,3675,3725,21707,0.81
5560,2022-07-12,3705,3735,3635,3700,30518,-0.67
5561,2022-07-13,3660,3770,3660,3700,32827,0.0
5562,2022-07-14,3700,3960,3680,3765,72100,1.76
5563,2022-07-15,3760,3785,3670,3755,22701,-0.27
5564,2022-07-18,3755,3830,3755,3825,26410,1.86
5565,2022-07-19,3790,4160,3785,3960,156712,3.53
5566,2022-07-20,4010,4020,3960,3985,36801,0.63
5567,2022-07-21,4005,4260,3980,4045,225975,1.51
5568,2022-07-22,4045,4090,3990,4000,53761,-1.11
5569,2022-07-25,3965,4000,3950,3960,14448,-1.0
5570,2022-07-26,3965,4750,3965,4175,3792244,5.43
5571,2022-07-27,4130,4405,4130,4175,638310,0.0
5572,2022-07-28,4230,4345,4110,4150,227730,-0.6
5573,2022-07-29,4175,4285,4170,4200,116611,1.2
5574,2022-08-01,4200,4265,4155,4190,98994,-0.24
5575,2022-08-02,4165,4215,4120,4200,50303,0.24
5576,2022-08-03,4180,4235,4160,4185,81854,-0.36
5577,2022-08-04,4210,4425,4210,4270,156033,2.03
5578,2022-08-05,4240,4275,4225,4250,42069,-0.47
5579,2022-08-08,4260,4260,4170,4200,61004,-1.18
5580,2022-08-09,4210,4240,4170,4220,43317,0.48
5581,2022-08-10,4190,4220,4130,4155,35913,-1.54
5582,2022-08-11,4165,4215,4165,4165,16901,0.24
5583,2022-08-12,4170,4195,4135,4160,29535,-0.12
5584,2022-08-16,4170,4205,4150,4175,35897,0.36
5585,2022-08-17,4230,4260,4190,4200,68524,0.6
5586,2022-08-18,4225,4225,4160,4180,38336,-0.48
5587,2022-08-19,4205,4240,4150,4175,33664,-0.12
5588,2022-08-22,4175,4175,3985,3985,60141,-4.55
5589,2022-08-23,3950,3975,3845,3855,43920,-3.26
5590,2022-08-24,3850,3910,3825,3895,13800,1.04
5591,2022-08-25,3910,4075,3865,3930,36345,0.9
5592,2022-08-26,3950,3990,3820,3875,28532,-1.4
5593,2022-08-29,3740,3800,3700,3760,38060,-2.97
5594,2022-08-30,3745,3870,3745,3845,15184,2.26
5595,2022-08-31,3845,3890,3800,3880,16742,0.91
5596,2022-09-01,3830,3885,3760,3770,22090,-2.84
5597,2022-09-02,3755,3815,3750,3750,10248,-0.53
5598,2022-09-05,3685,3760,3640,3670,31727,-2.13
5599,2022-09-06,3655,3720,3655,3685,31785,0.41
5600,2022-09-07,3685,4000,3655,3680,233106,-0.14
5601,2022-09-08,3685,3765,3670,3705,22562,0.68
5602,2022-09-13,3710,3815,3710,3790,22996,2.29
5603,2022-09-14,3630,3745,3630,3745,43822,-1.19
5604,2022-09-15,3765,3775,3670,3690,55406,-1.47
5605,2022-09-16,3630,3750,3610,3650,33413,-1.08
5606,2022-09-19,3650,3685,3530,3530,32672,-3.29
5607,2022-09-20,3490,3580,3490,3545,32450,0.42
5608,2022-09-21,3500,3545,3490,3495,23126,-1.41
5609,2022-09-22,3490,3490,3335,3385,58074,-3.15
5610,2022-09-23,3365,3430,3340,3360,28048,-0.74
5611,2022-09-26,3305,3375,3070,3115,75910,-7.29
5612,2022-09-27,3055,3135,3000,3060,67828,-1.77
5613,2022-09-28,3010,3080,2955,3015,71006,-1.47
5614,2022-09-29,3040,3295,3005,3060,92428,1.49
5615,2022-09-30,3020,3105,2970,3085,23978,0.82
5616,2022-10-04,3095,3200,3095,3190,20262,3.4
5617,2022-10-05,3205,3230,3135,3190,23649,0.0
5618,2022-10-06,3180,3265,3180,3260,12075,2.19
5619,2022-10-07,3260,3275,3185,3200,12240,-1.84
5620,2022-10-11,3185,3200,3015,3050,38854,-4.69
5621,2022-10-12,3025,3120,2995,3055,18842,0.16
5622,2022-10-13,3005,3075,2935,2940,26660,-3.76
5623,2022-10-14,2965,3820,2965,3415,3917037,16.16
5624,2022-10-17,3380,3700,3360,3410,1877608,-0.15
5625,2022-10-18,3445,3520,3370,3515,357538,3.08
5626,2022-10-19,3545,3555,3400,3415,230383,-2.84
5627,2022-10-20,3385,3450,3315,3355,118367,-1.76
5628,2022-10-21,3355,3375,3270,3270,61080,-2.53
5629,2022-10-24,3310,3385,3280,3315,48422,1.38
5630,2022-10-25,3345,3405,3320,3360,43070,1.36
5631,2022-10-26,3365,4170,3365,3755,7393848,11.76
5632,2022-10-27,3775,3950,3700,3700,1167127,-1.46
5633,2022-10-28,3670,3690,3540,3540,209244,-4.32
5634,2022-10-31,3540,3590,3505,3580,113663,1.13
5635,2022-11-01,3575,3630,3505,3575,141241,-0.14
5636,2022-11-02,3555,3760,3520,3590,417866,0.42
5637,2022-11-03,3525,3555,3460,3490,107559,-2.79
5638,2022-11-04,3485,3505,3440,3450,61759,-1.15
5639,2022-11-07,3485,3640,3485,3555,97461,3.04
5640,2022-11-08,3590,3700,3580,3645,112814,2.53
5641,2022-11-09,3650,3690,3620,3650,53350,0.14
5642,2022-11-10,3650,3655,3550,3580,49969,-1.92
5643,2022-11-11,3650,3700,3625,3640,92327,1.68
5644,2022-11-14,3640,3700,3600,3690,57077,1.37
5645,2022-11-15,3690,3740,3655,3710,82598,0.54
5646,2022-11-16,3715,3715,3630,3670,48393,-1.08
5647,2022-11-17,3645,3710,3615,3635,41773,-0.95
5648,2022-11-18,3600,3670,3590,3625,43767,-0.28
5649,2022-11-21,3605,3665,3470,3520,96317,-2.9
5650,2022-11-22,3470,3605,3470,3540,48216,0.57
5651,2022-11-23,3545,3630,3530,3550,40429,0.28
5652,2022-11-24,3550,3655,3550,3645,60994,2.68
5653,2022-11-25,3675,3675,3600,3640,28782,-0.14
5654,2022-11-28,3635,3635,3405,3480,69466,-4.4
5655,2022-11-29,3450,3560,3445,3555,25955,2.16
5656,2022-11-30,3575,3575,3510,3565,13683,0.28
5657,2022-12-01,3595,3635,3560,3595,54586,0.84
5658,2022-12-02,3560,3765,3555,3655,121608,1.67
5659,2022-12-05,3685,3745,3665,3695,48180,1.09
5660,2022-12-06,3630,3765,3585,3695,104406,0.0
5661,2022-12-07,3685,3745,3650,3740,97016,1.22
5662,2022-12-08,3700,3930,3575,3585,129275,-4.14
5663,2022-12-09,3605,3625,3505,3600,34629,0.42
5664,2022-12-12,3620,4345,3620,4070,6606682,13.06
5665,2022-12-13,4035,4145,3900,4035,893571,-0.86
5666,2022-12-14,4090,4135,3950,4080,830313,1.12
5667,2022-12-15,4000,4095,3995,4020,206388,-1.47
5668,2022-12-16,3970,4095,3895,4000,198145,-0.5
5669,2022-12-19,3985,4320,3970,4105,1526974,2.63
5670,2022-12-20,4105,4195,3720,3745,759300,-8.77
5671,2022-12-21,3780,4565,3755,4040,11341839,7.88
5672,2022-12-22,4015,4135,3900,3925,1120364,-2.85
5673,2022-12-23,3850,3880,3720,3730,410275,-4.97
5674,2022-12-26,3720,3755,3600,3610,201156,-3.22
5675,2022-12-27,3635,3720,3625,3695,147439,2.35
5676,2022-12-28,3680,3805,3635,3770,142135,2.03
5677,2022-12-29,3720,3795,3600,3630,117452,-3.71
5678,2023-01-02,3560,3685,3535,3535,126428,-2.62
5679,2023-01-03,3535,3625,3480,3520,136027,-0.42
5680,2023-01-04,3550,3845,3525,3710,388712,5.4
5681,2023-01-05,3710,3895,3710,3780,290123,1.89
5682,2023-01-06,3740,4105,3740,3870,1694352,2.38
5683,2023-01-09,3900,3965,3845,3880,273031,0.26
5684,2023-01-10,3850,3960,3830,3930,167604,1.29
5685,2023-01-11,4060,4410,4020,4135,4685659,5.22
5686,2023-01-12,4150,4160,4050,4110,443446,-0.6
5687,2023-01-13,4080,4455,4010,4140,2967410,0.73
5688,2023-01-16,4130,4500,4010,4275,2089261,3.26
5689,2023-01-17,4240,4290,4120,4125,420054,-3.51
5690,2023-01-18,4170,4350,4055,4090,550883,-0.85
5691,2023-01-19,4090,4230,4010,4045,255174,-1.1
5692,2023-01-20,4045,4110,4000,4070,154912,0.62
5693,2023-01-25,4085,4560,4070,4485,2029957,10.2
5694,2023-01-26,4550,4930,4495,4555,2198367,1.56
5695,2023-01-27,4560,4740,4540,4725,774962,3.73
5696,2023-01-30,4965,6140,4850,6020,18457760,27.41
5697,2023-01-31,5950,6500,5880,6100,7766863,1.33
5698,2023-02-01,5930,5950,5650,5790,1689902,-5.08
5699,2023-02-02,5800,5900,5700,5870,1156866,1.38
5700,2023-02-03,5790,5800,5550,5680,920671,-3.24
5701,2023-02-06,5680,5860,5260,5390,2079357,-5.11
5702,2023-02-07,5350,5620,5340,5530,1181925,2.6
5703,2023-02-08,5590,5900,5510,5700,2508597,3.07
5704,2023-02-09,5610,5760,5460,5570,503425,-2.28
5705,2023-02-10,5570,6350,5190,5210,9346325,-6.46
5706,2023-02-13,5190,5350,5120,5250,764607,0.77
5707,2023-02-14,5300,5430,5050,5090,592854,-3.05
5708,2023-02-15,5100,5300,5090,5110,604213,0.39
5709,2023-02-16,5120,5280,5070,5070,360746,-0.78
5710,2023-02-17,5060,5090,4915,4915,399709,-3.06
5711,2023-02-20,4940,5140,4915,5060,297666,2.95
5712,2023-02-21,5090,5170,4980,4990,242221,-1.38
5713,2023-02-22,4890,4970,4830,4835,278459,-3.11
5714,2023-02-23,4990,5270,4845,5050,673982,4.45
5715,2023-02-24,5050,5340,5020,5130,1291018,1.58
5716,2023-02-27,5090,5240,4950,5230,424374,1.95
5717,2023-02-28,5230,5400,4960,5200,663017,-0.57
5718,2023-03-02,5360,5490,5010,5010,495180,-3.65
5719,2023-03-03,5010,5140,4915,5030,311346,0.4
5720,2023-03-06,5000,5110,4885,5000,225700,-0.6
5721,2023-03-07,5060,5120,4990,4995,156931,-0.1
5722,2023-03-08,4940,4960,4860,4940,148281,-1.1
5723,2023-03-09,4940,5010,4815,4870,121157,-1.42
5724,2023-03-10,4780,4935,4735,4790,155924,-1.64
5725,2023-03-13,4745,4885,4630,4810,182410,0.42
5726,2023-03-14,4810,4865,4520,4520,205228,-6.03
5727,2023-03-15,4580,4740,4565,4610,105736,1.99
5728,2023-03-16,4530,4660,4460,4545,140309,-1.41
5729,2023-03-17,4560,4775,4560,4710,148137,3.63
5730,2023-03-20,4670,4820,4665,4770,97377,1.27
5731,2023-03-21,4630,4795,4630,4640,109270,-2.73
5732,2023-03-22,4650,4715,4505,4570,189372,-1.51
5733,2023-03-23,4620,4650,4470,4620,211264,1.09
5734,2023-03-24,4625,5320,4620,5320,2521712,15.15
5735,2023-03-27,5300,5300,4995,5090,806320,-4.32
5736,2023-03-28,5160,5250,4970,5020,439495,-1.38
5737,2023-03-29,5070,5070,4885,5010,288894,-0.2
5738,2023-03-30,5050,5110,4935,4950,263815,-1.2
5739,2023-03-31,4975,5150,4810,5070,385018,2.42
5740,2023-04-03,5050,5110,4955,5000,314314,-1.38
5741,2023-04-04,4935,5100,4935,5000,175577,0.0
5742,2023-04-05,5040,5160,5000,5040,188116,0.8
5743,2023-04-06,5040,5040,4925,4960,168575,-1.59
5744,2023-04-07,4970,5010,4880,4890,185237,-1.41
5745,2023-04-10,4860,4885,4615,4735,345342,-3.17
5746,2023-04-11,4745,4815,4630,4735,157102,0.0
5747,2023-04-12,4735,4870,4725,4820,133323,1.8
5748,2023-04-13,4780,4850,4680,4825,164221,0.1
5749,2023-04-14,4835,5000,4835,4835,164867,0.21
5750,2023-04-17,4820,4950,4810,4865,109286,0.62
5751,2023-04-18,4845,4925,4730,4735,176060,-2.67
5752,2023-04-19,4735,4825,4660,4745,128183,0.21
5753,2023-04-20,4795,4920,4720,4755,252579,0.21
5754,2023-04-21,4710,4845,4610,4685,282635,-1.47
5755,2023-04-24,4685,4725,4470,4470,215505,-4.59
5756,2023-04-25,4465,4540,4275,4350,271318,-2.68
5757,2023-04-26,4360,4440,4300,4340,103421,-0.23
5758,2023-04-27,4290,4385,4285,4300,102908,-0.92
5759,2023-04-28,4285,4490,4285,4385,123548,1.98
5760,2023-05-02,4375,4440,4300,4405,68780,0.46
